Wrist_median_x,Wrist_median_y,Wrist_median_z,Wrist_left_right_crosscorrel_x,Wrist_iqr_x,Wrist_iqr_y,Wrist_iqr_z,Wrist_mean_2d_entropy,Wrist_mean_3d_entropy,Ankle_median_x,Ankle_median_y,Ankle_median_z,Ankle_left_right_crosscorrel_x,Ankle_iqr_x,Ankle_iqr_y,Ankle_iqr_z,Ankle_mean_2d_entropy,Ankle_mean_3d_entropy
0.868434203625478,0.975769020485333,-1.1603408739394594,0.6708633177729628,0.19077079656185653,0.22964729693506458,0.28259914833041666,4.694309137239127,4.521978303857717,0.111881488746997,6.0214209886415455,2.8521927288447357,0.15526895232180282,0.0944803976547055,0.08639002821023745,0.07860373662170517,4.221567004295789,4.026226673969511
0.9121310720965237,1.9056330459790105,-1.4485545748857123,0.670709466180621,0.30141750664815853,0.15154374648993751,0.1422353329345144,4.694309137239127,4.442730178821659,0.17192397950692268,6.057718865732486,2.7773320273002544,0.9078319838340717,0.10781094861914364,0.09693976665912896,0.0729891840058694,3.8620232790647337,3.6525144512798393
0.2042190120677383,1.7266577406579535,-1.5758177675113303,0.9901218107514088,0.4158282291748292,0.10366916463250786,0.09170435939198962,4.481727678869737,4.234703270832458,0.18627886448215092,6.179974042389006,2.8521927288447357,0.9697880885982308,0.0898640140706542,0.12250717041573367,0.06363159631280935,4.131942941777761,3.808574246364471
0.11224818646791657,1.63852443046973,-1.736768275831965,-0.6026055507649605,0.21494969740128478,0.06348284275693761,0.2900852184848648,4.460975803905795,4.401226428893775,0.21254897228074043,6.19002984780276,2.870907904230856,0.43002391879513047,0.036280658080547645,0.18938870261037266,0.09357587693060165,3.6523689832641377,3.6314563960475015
0.08699320118164988,1.6079955849184961,-1.8340871878397906,-0.31494300303255185,0.09747158499815267,0.07314195747229857,0.19463782401565133,4.51506101220307,4.361674120678421,0.2028260617884956,6.316212017642275,2.9270534303892166,0.7520998663139554,0.05649007764082076,0.06793304921401466,0.09170435939198951,3.9789052086394245,3.8393781847431714
0.10461432305187413,1.8962629214713334,-1.8340871878397906,-0.7906954681474845,0.06551983613212753,0.2806173399297136,0.15720747324341067,4.648394345536403,4.477533859413272,0.24294636013849807,6.440247184446552,3.0131432371653704,0.9321090948181169,0.11834705944484761,0.09399193974811393,0.08421828923754116,3.911889842139705,3.5983402850325454
0.140145796286117,2.1426999557232818,-0.9320157342287916,-0.414768213458575,0.06393855384626346,0.2481499504541057,0.10106194708504962,4.435812887167012,4.225400092828528,0.2591175238211399,6.344528305935597,2.9045952199258727,-0.6003105337669173,0.14735857162181143,0.10854758807105158,0.13287774524145424,4.325436949685041,3.9940919149207508
0.03593384204156336,2.311769634680948,-0.9395018043832397,0.2530930765049473,0.12621870558273507,0.09076444724052257,0.21522451694038355,4.1341484626651805,4.030509451375994,0.2619679987821658,6.006654485176438,2.8409636236130638,0.9277595752149844,0.19135191832564086,0.19642225546853131,0.08234677169892946,4.075652212593065,3.853429990370843
-0.1670234227972276,2.341891141157676,-1.1079383828583227,0.7787227711689723,0.13848973936631903,0.06119451201116188,0.2152245169403837,4.3358128871670125,4.24273017882166,0.2506057666964222,5.892934474450136,2.796047202686375,-0.8243228136219134,0.26658516412857275,0.1383192348732889,0.11229105231672198,4.100274032946258,3.82337493740297
-0.3370542168228021,2.267701909026607,-0.8571550326843104,-0.052979885186305364,0.09718774495115423,0.10269926740474122,0.21148148186315954,4.594309137239128,4.345027107220923,0.10177282291215017,6.001370207822091,2.7885611325319264,0.6878124517771973,0.1277734396284791,0.17091350716768083,0.06737463139003319,4.0630707542236735,3.791655459933266
-0.16102939436251984,2.5835599254898103,-1.0967092776266503,0.12354114260461681,0.4722005004921205,0.26992195698482546,0.3443592271046138,4.640223928941852,4.458950648480236,0.00820891091613496,6.201640323899186,2.7923041676091507,0.8882802018430309,0.07403180506838802,0.026047095173125534,0.03743035077224066,3.4105393998586893,3.1746867024842196
1.6695856953651393,2.639639558759745,-0.3069288763323731,0.6092229767425515,1.0024857903626165,0.7865920831198003,0.40611930587881073,4.6150610122030695,4.570616567758625,0.08173545096418788,6.043515150140235,2.691242220524101,0.35975040509229633,0.11036225996437365,0.1436929198334287,0.17405113109091896,4.367481795998514,4.255455145796399
0.7160709919949273,2.6375691024722627,-0.4454211741896634,-0.7155583945022133,0.32423467523009797,0.2780117957684529,0.1796656837067549,4.548394345536403,4.366422748302162,-0.020279328625724347,5.720273138784147,2.7211865011418936,0.7243827595668895,1.2579804383086406,1.0004056497878784,2.7586168519141343,4.806890595608518,4.724918998374276
0.4176445134155078,3.5067605327950955,0.5913995422014019,-0.8713032617400962,1.4889096687859606,0.7973393054744105,0.8084955766803975,4.873557262275185,4.697032609437311,0.5708234539976116,6.950373012028367,1.43732546965404,0.917581869741741,1.0227586401477864,0.9226751638307462,0.7523500505220369,4.906890595608519,4.81800170671963
0.001908773554038401,3.9250102339792106,0.3743035077224062,-0.26858406186265543,0.4866543153756371,0.3789008940365972,0.5876565071241777,4.873557262275185,4.7693634428187215,-0.2742128451102468,5.703181906865857,2.3131956777244707,-0.07940498413611409,0.4274954236657971,1.6522221497859026,0.9657030499238084,4.906890595608519,4.762446151164074
0.6750732403902355,3.573845337928547,0.8421828923754141,-0.812795744892072,0.6403218338275138,1.2154165297895227,0.5895280246627898,4.906890595608519,4.7804745539298334,-0.7828024031154363,5.360818848418917,3.9638741467802823,0.9082169000613737,0.1882354870657162,1.232552246937308,0.538997051120265,4.873557262275185,4.736030109485388
0.33694896679259756,3.4802130961124957,0.5577122265063853,0.8626555798931455,0.8622054546621087,1.050837885816756,1.2838610314878536,4.873557262275185,4.795779484497407,-0.5463338807819511,5.314507024573176,2.4853752912767773,0.5209775392169432,0.39706676415515463,0.4259745991033652,0.3780465427996304,4.873557262275185,4.660420995738517
0.3703254865425234,0.26682738540984086,0.5464831212747131,-0.9418969228539363,0.579886440017809,1.0020450132751573,0.417348411110483,4.906890595608519,4.840223928941852,-0.5384973992534214,5.039443750774392,2.410514589732296,0.4389321629484424,0.2298337776233621,0.21737779780046296,0.1179056049325582,4.906890595608519,4.603395092924682
0.07794250372183287,0.2952576930244752,0.179665683706755,-0.034413531261558675,0.4188825366048827,0.6014214409876476,1.0499213391613496,4.906890595608519,4.8471412205965,-0.7238977285221102,4.794673284386468,2.9532546759297853,0.37886476321688445,0.24883148790063742,0.6857589969588012,2.0100098364693215,4.906890595608519,4.851335040052963
-0.04220725179704532,1.9828052443527073,-0.22083906955621968,-0.6176283369411518,1.6192078618730772,1.3834251016368695,2.8428351411516757,4.906890595608519,4.8735572622751855,-0.6684604631594857,5.036573213030907,2.833477553458615,0.6133060535681379,0.25899816563199496,0.7242513120359835,2.5752081331301544,4.873557262275185,4.8513350400529625
-0.513075368114401,3.247696347749036,-2.1260439238632673,-0.2718476120224739,0.582179905497496,0.297693881391623,0.6924614892864515,4.906890595608519,4.81800170671963,-0.06382957775381737,5.526932123993458,2.833477553458615,0.6520948266426757,0.32166261318589867,0.16830306197731382,0.5240249108113688,4.840223928941851,4.683198026128016
-0.041825011638010445,2.354631076705892,-1.4448115398084882,-0.27897718509114394,0.3119216337039189,0.43078593125414844,0.9245296640743433,4.806890595608518,4.683198026128016,-0.028804893407528065,5.566461150448893,2.7885611325319264,0.6111851612222707,0.22363920833065926,0.20750179218937248,0.3649459200293461,4.723557262275185,4.5720869150169055
0.17670147967459393,2.465554938233038,-1.1565978388622353,-0.013040537030025166,0.3214827913420536,0.33278665383261163,0.4847230425005161,4.840223928941851,4.61653135946135,0.04023119783148943,5.451845334388142,2.751130781759686,0.1946830739935644,0.06381210077312416,0.10794499153056014,0.16282202585924677,4.621351741387765,4.383109068177997
-0.0364418853351971,2.617018247137085,-1.3212913822600942,0.167404029794153,0.08845171932619778,0.16442891234354606,0.2096099643245476,4.627642470572461,4.538753581683571,0.09402662486109259,5.823656982411911,3.0655457282465073,0.29357716472501694,0.08278297605360313,0.12143789559860396,0.09731891200782572,4.112238541972758,3.8938241239641727
-0.44394954245655005,3.053008882077532,-0.9657030499238082,0.8730963437447978,0.3713563463499224,0.5000949438143623,0.2189675520176076,4.773557262275185,4.545116065170943,0.18973417248928953,6.02480138828216,3.0468305528603867,0.2992421650601933,0.07519582063679375,0.1647074464193401,0.13100622770284187,4.41506101220307,4.170399345440249
-0.2797908787697718,1.8460200152110589,0.898328418533775,-0.9115744334516324,4.277257591625393,2.7240059287942717,1.3549786979551106,4.873557262275185,4.840223928941851,-0.14050695044240094,5.76162332024224,2.75487381683691,0.9840642874572008,0.1981346507305333,0.7905244774007074,0.5240249108113688,4.906890595608519,4.724918998374278
0.16137843196658697,0.5607875693653668,1.0368207163910652,0.5585361656179502,0.08617051145884247,0.08334753371664382,0.14784988555035045,4.740223928941852,4.452588164992866,-0.4040494241223155,5.502347806100207,2.268279256797782,0.3522818275720644,0.4900192308237297,0.17540076790888293,0.25265486771262435,4.783933199757156,4.552588164992866
-0.038441002480928965,0.4551461171679216,0.774808260985381,0.6171638063561088,0.13214999331016397,0.13762425953065993,0.29195673602347694,4.806890595608518,4.600671620726498,0.1472205466219808,5.285908285848347,1.6244772235152432,0.4844730036319774,0.5357735694198029,0.3115479043728473,0.8328253046823539,4.810975803905794,4.679004206671552
-0.06738668337941434,0.7847807764317709,0.662517208668659,0.1420258808427434,0.793114804710787,0.590216929701571,0.606371682510298,4.873557262275185,4.715976551294073,-0.47036042928124655,2.377308408298998,-0.8833562782248788,0.30592966304353114,0.41789301416613617,1.483680046260094,1.0892232074722021,4.906890595608519,4.862446151164074
-0.4549758996779918,1.0137347133014198,0.5801704369697297,0.8782029988044225,0.8699625297994191,0.45525850360232434,0.43232055141937925,4.840223928941851,4.720725178917814,-0.5643987135308483,1.4891858540655134,-0.5876565071241778,0.9611549597889892,0.9925789142147413,0.37864721192906603,2.1485021343266117,4.86726653309049,4.802696776152055
-0.6715097124730196,1.2216807983012699,0.6999475594408997,-0.7859253532885491,0.3323177930227983,0.47126292829066957,0.542740086197489,4.906890595608519,4.784668373386297,-0.4135102024434301,1.5276833815333757,-0.8421828923754141,0.16091448746898562,0.5791639791653571,0.26512212547526315,1.7498688986022493,4.906890595608519,4.840223928941852
-0.15910226720538923,1.2939606098486895,0.4267059988035431,0.4302798304032349,0.11305495920492792,0.17666589179633002,0.1703080960136948,4.773557262275185,4.55678198444933,-0.5409439632230983,1.7837870229887003,-0.029944280617792474,0.6605475246110509,0.4465429256457978,0.1829568383348632,0.8253392345279058,4.873557262275185,4.769363442818721
0.6845688181728224,1.9252928340352389,-0.5839134720469538,-0.3936818888898435,0.3420210145479956,0.2787866983568458,1.1023238302424865,4.794309137239127,4.629811134603367,-0.7625659454327575,1.5567705114272097,-0.4454211741896634,0.7445715910391203,0.1851191705876388,0.18266897838709295,0.3387446744887776,4.873557262275185,4.776280734473369
-0.10321271906206908,1.662174583193596,0.5577122265063853,0.673363837842797,0.24476484455226366,0.10065060473157067,0.1366207803186783,4.613396587701239,4.377677368018622,-0.5186520255554645,2.532686752541802,-0.3743035077224062,-0.04376177016102077,0.27053045369367373,0.16492151448998382,0.46975090219161986,4.740223928941852,4.605420248350239
0.48576765161876434,1.7561143239518335,1.1266535582444428,0.969880983675617,0.908721066867864,0.41357538004532346,0.5034382178866365,4.740223928941852,4.438897090288922,-0.4648535209182688,2.7548628759831506,-0.18715175386120314,0.3644319474289716,0.15364387546280484,0.15291272356485752,0.5857849895855658,4.873557262275185,4.806890595608518
0.2687730181089458,2.6064552262252265,1.2127433650205963,-0.7799552510217654,2.517560723106131,0.7545280016956255,1.010619470850497,4.873557262275185,4.700671620726498,-0.6287682763625763,2.0398817239791063,-0.9133005588426713,-0.9534641624289598,0.7409266016740491,0.9259196608451735,0.8459259274526381,4.906890595608519,4.851335040052963
-0.4392458555606762,2.9939937616304118,0.3705604726451822,-0.800827613632172,2.395327228504568,1.5385464131910294,1.0480498216227374,4.906890595608519,4.862446151164074,-0.18533963035738887,5.255579782070892,-0.45290724434411156,0.11665203901643593,0.6609531925774672,5.206980558918444,3.0842609036326274,4.906890595608519,4.8735572622751855
0.6060278753568804,3.6974997862979624,0.37056047264518216,-0.5689818584310457,0.23656321540943992,0.35204936902586104,0.8346968222209659,4.906890595608519,4.8471412205965,0.20633316903264676,6.712585324010302,1.8303441527625663,0.8290868657379548,0.23731411137526853,0.22794036803579365,0.24329728001956386,4.856890595608518,4.68739184558448
0.10468226377472778,0.8894950548768497,0.5539691914291612,-0.8815619325439816,0.1769147185227542,0.5930207166502456,0.1010619470850497,4.840223928941851,4.548394345536402,-0.24983915267674728,4.09456881334974,0.8608980677615343,0.44884243164775844,0.3108484544278022,1.2054058406544252,1.4766273379648927,4.873557262275185,4.824918998374276
-0.034818914295831505,1.018153434787834,0.7860373662170532,0.40295604153192294,0.26669698749976023,0.4443478005690089,0.23768272740372798,4.840223928941851,4.65678198444933,0.513748275740173,6.103627364060298,2.2420780112572136,0.8663415990088583,0.2840460364164815,0.6382037183132319,0.17779416616814314,4.823557262275186,4.65825233170761
-0.4144154589015505,0.5031122518539883,0.8272107520665178,-0.8709081559136763,0.6632012277792532,0.18042612992374651,0.3424877095660017,4.673557262275185,4.511782731837609,-0.34927042411107145,4.789818789776577,2.335653888187815,0.4939415451894659,0.2533016843702109,0.929221614415142,0.840311374836802,4.906890595608519,4.798502956695591
-1.2907227299669293,0.7136219894972099,0.2283251397106678,0.12035003507701897,0.3731476617834062,1.0648632986512916,0.83843985729819,4.873557262275185,4.75825233170761,-0.07625085912674368,6.640231144320212,2.8372205885358395,0.7118467376944176,0.16695494156539165,0.30915020492762313,0.2620124554056844,4.710975803905794,4.521978303857717
-1.0971263118792534,1.5990450441391553,0.2657554904829084,-0.7840365910272371,0.11986663259580155,0.3375917518622119,0.2563979027898483,4.740223928941852,4.536728426258015,-0.25510787506064103,5.896677811280188,2.8896230796169764,-0.6311804918741197,0.16357818361652557,0.13824940955101717,0.5876565071241777,4.280063254367905,4.298646465300941
-0.716920175535039,1.6634117951100633,0.5539691914291612,0.5734366457896035,0.2548873027631706,0.4842320660214142,0.3368731569501657,4.840223928941851,4.698502956695592,-0.14286050527694127,5.795087059797334,2.9719698513159054,0.9363261513868164,0.11069039771021805,0.030651802713296927,0.18715175386120309,4.2921036163517075,4.131619067710548
0.1651916130831883,1.2409013490244636,0.29569977110070095,0.41743277071043033,0.4857866879384076,0.8968154489951551,0.3911471655699145,4.806890595608518,4.680474553929832,-0.08090631141131843,5.843262642737565,2.7249295362191175,0.8191903950958425,0.07341541104593668,0.15557629262218287,0.11603408739394605,4.538018408054432,4.2733400399568096
0.39401115387916263,2.401116971600789,-0.037430350772240634,-0.868368162322626,0.3046244176978212,0.4474649407851843,0.41173385849464683,4.740223928941852,4.579004206671552,-0.28897759147998553,5.360950388051283,2.631353659288516,0.9213693541432295,0.22562696798733253,0.6504717324128326,0.19650934155426314,4.491271404100792,4.383896342900643
0.2788146829264053,1.7505144046099281,-0.7411209452903643,-0.8145982492712209,0.28191436777112644,0.15439690522808946,0.5539691914291613,4.6150610122030695,4.590115317782664,-0.17778720349932614,5.456747776708761,2.747387746682462,0.8586740833007998,0.08692436385703947,0.31063522541135447,0.10106194708504979,4.295356612398068,4.024058009938605
0.42084577617974706,2.2859813354320684,-0.7036905945181238,0.6574651745638799,0.24903090064757127,0.175024522008985,0.4042477883401987,4.7276424705724605,4.537283234425292,-0.13567051385233098,5.782839675550363,2.698728290678549,0.08657122740330557,0.04151156874088344,0.0488183274805829,0.04304490338807687,3.7700602587342558,3.546761326615077
0.46333214672359,2.013014178739019,-1.4111242241134716,0.853070428669363,0.3299899779112567,0.32571355143082237,0.6381874806667026,4.806890595608518,4.660975803905794,-0.2031454042215004,5.9936502337958775,2.7174434660646694,0.917190538953045,0.07582492057129711,0.08760495489055531,0.058017043696973136,3.972749292039538,3.740849449107971
0.07102217479932893,1.1130157647394794,0.7261488049814682,-0.8003644964474695,1.0690914791795803,0.9062966358228842,1.8078859422992224,4.873557262275185,4.7693634428187215,-0.3192786723837503,5.2588077180089705,2.702471325755773,-0.8840693735844051,0.8591703019062684,0.9634376350436709,0.4210914461877069,4.750599866423823,4.631836290028924
-0.09013607153431558,0.7497832988369162,0.6737463139003312,0.1039083353435556,0.1418761774614512,0.36305544446232396,0.4285775163421552,4.773557262275185,4.640223928941852,-0.28298777145531573,5.337973864420803,2.6837561503696525,-0.6894872751813654,0.9083531081391151,1.1537317991750466,0.8627695853001462,4.873557262275185,4.806890595608518
0.07991171102666561,0.5692748833703931,0.5876565071241778,0.6369154118142415,0.20654325439614363,0.48041566393165225,0.2563979027898483,4.873557262275185,4.694309137239127,0.4579072654370312,3.4800894527026744,0.602628647433074,0.36623775495531374,0.5001312513812786,1.0883750957248233,1.3531071804164985,4.906890595608519,4.806890595608519
0.072883406673661,0.8307772150987836,0.6363159631280906,0.36943372365820587,0.18671085979810265,0.5116781775200843,0.4922091126549642,4.856890595608519,4.667893095560441,0.17290770858800508,3.521360068920762,0.6587741735914351,0.3040130569556919,0.3867750017796897,0.17643110834320175,0.4510357268054994,4.873557262275185,4.765169623362258
0.19192354745235818,0.5857013377851237,0.5015667003480244,0.23573497329136017,0.3644243614375746,0.38036935583597836,0.1534644381661866,4.760975803905794,4.552588164992866,-0.25623245102215697,3.4239159511673973,0.4154768935718709,-0.1514259088774785,0.18634782025172536,0.43843874354938484,0.19089478893842715,4.6672665330904906,4.491585665040944
0.11807989887782666,0.45346951640217664,0.5876565071241777,-0.8289502798720283,0.6522462557447017,0.540811214818735,0.35184529725906183,4.840223928941851,4.634559762227108,-0.001545243318571532,3.472623641881134,0.5801704369697298,-0.12083706269555226,0.269308688389701,0.2367828379065786,0.4042477883401987,4.856890595608519,4.6762807344733694
-0.06728351345725692,-0.4577423016819969,0.4603933144985597,0.8108117768469079,0.38218291600169163,0.6391082136769455,0.17030809601369484,4.740223928941852,4.503949901091959,-0.43565905641185765,3.4275366434421475,0.4753654548074559,-0.3271479886351909,0.21807213077976273,0.08870923495946936,0.15533595570479858,4.66726653309049,4.468591412333067
-0.11843019331473403,-0.4742778547558476,0.535254016043041,-0.12285758696073966,0.7936632140239821,0.9454054781181089,0.5764274018925056,4.906890595608519,4.7192548316595335,-0.17880335465439023,3.3152493202920357,0.5502261563519372,-0.7173943546209155,0.2893717411733997,0.6341866003764758,2.7193149836032813,4.890223928941852,4.802696776152055
0.6859613714747828,-1.1963877849691174,0.05614552615836094,0.49959721050145106,0.1452523632499112,0.13145742057242962,0.05801704369697297,4.723557262275185,4.277122559851345,-0.24419415594924598,3.275220884076173,1.1678269440939075,-0.46082448369033,0.13654206118378676,0.49468064902035325,1.6806227496736041,4.856890595608519,4.82911281783074
0.7055549668532977,-1.0843931431400649,0.11229105231672189,-0.14326958379652263,0.09882810965974631,0.16139717794185668,0.0898328418533775,4.573557262275186,4.189704018220736,-0.03584525904332159,2.7953159311157587,-0.3630744024907341,-0.17383143941969087,0.07138905187595013,0.16169363276121884,0.20025237663148737,4.694309137239127,4.495562262179031
1.0929197983996568,-0.9818337542605544,0.02245821046334437,0.23442042132529856,0.31439749298901054,0.3848424313075338,0.16095050832063468,4.906890595608519,4.5955622621790315,0.12175184342726908,3.062210451894634,-0.4903375951163522,-0.8177750188328249,0.25620627065477386,0.2104658480464845,0.3686889551065702,4.681727678869736,4.548394345536403
1.4760821939710624,-0.7198858218932367,-0.36681743756795815,-0.8213426687475194,0.2124219788557855,0.6062337433860713,0.2339396923265039,4.760975803905794,4.481172870702459,0.014370036168873557,3.17595657125159,-0.06737463139003314,-0.6386211325428395,0.0857973317741193,0.40018425205332053,0.4229629637263191,4.581727678869736,4.530365942770644
1.7624687473839127,-0.33273372428986997,-1.1453687336305631,0.644245363851426,0.18906760010602075,0.18502794716427892,0.4341920689579912,4.873557262275185,4.6762807344733694,-0.0962438972870584,3.243330854934853,0.26949852556013254,0.6513043792777207,0.17315434884891123,0.2243990069387698,0.17779416616814298,4.640223928941852,4.444883598615574
1.8792696491104373,0.23693672134113122,-0.303185841255149,-0.8405122965246946,0.2711166264117293,0.34098284634777737,0.8627695853001465,4.906890595608519,4.829112817830741,-0.34658478193567416,3.647668131116409,0.6026286474330742,0.8541145248129729,0.04328426651020345,0.20904616545964605,0.04117338584946484,4.284980674916096,3.8902749877315257
1.9455058778670455,0.08229919610144752,-0.01871517538612033,0.47875926110931427,0.025622674277471003,0.07280408426665771,0.23393969232650386,4.4483943455364034,4.302479553833679,-0.32843253387032456,3.7452019781734807,0.5951425772786261,-0.5777174256578077,0.036646106839650805,0.11234493660136602,0.04491642092668874,3.96064997042823,3.596982638419469
2.1025893499108994,0.19203616927233838,0.04865945600391275,-0.9473348750212228,0.38647804472040626,0.1004471117451941,0.08608980677615352,4.494309137239128,4.094918496061735,-0.4150194903455562,3.6195030798453973,0.6550311385142109,-0.4957851098712587,0.17066498392669854,0.3749435355519617,0.1441068504731265,4.331727678869736,4.121334537740421
2.060904032461722,0.1957394084129001,0.09731891200782561,0.8354972685671475,0.13505449599949915,0.1231907326801919,0.05053097354252495,4.302479553833678,3.848538771248272,-0.12459304002183591,3.81317924292399,0.538997051120265,0.8727222484373979,0.12074782615022284,0.07404365417203551,0.1253916750870061,4.508770283018374,4.324146967888623
2.0079371643575676,0.07505044279747347,0.05614552615836099,-0.3517439721863913,0.12189311573384065,0.0717533720266982,0.058017043696973025,4.494309137239128,3.9428736874270083,-0.16444118926960338,3.7529373902076975,0.40050475326297474,-0.06469773254783814,0.2724448045956357,0.16278761434126432,0.32564405171849337,4.806890595608518,4.454202020856496
1.7136077946004764,-0.11373601232336945,0.14597836801173847,-0.5352817016452399,0.047042462284576425,0.14173200630786556,0.05614552615836094,4.223231428797621,3.8246280623428737,-0.08682572442205627,3.861517141267897,0.6438020332825387,0.5654885889854077,0.024618500928281106,0.10370937968196037,0.05614552615836088,3.685195937824121,3.409272563137097
1.7620224367935697,-0.2590494247567501,0.19838085909287528,-0.9190474153335275,0.22185172094146166,0.04892038920597587,0.13849229785729028,4.4483943455364034,4.159184032142125,-0.10311815394490376,3.993662448000138,0.6700032788231072,0.4598995987177111,0.05170986721551618,0.04099445099031862,0.05801704369697286,3.9003329925737646,3.599166866173528
1.919537152715405,-0.2779548951858273,0.044916420926688794,-0.9524534528431107,0.3899369122573557,0.2655425600420578,0.1590789907820227,4.648394345536403,4.398285734377215,-0.12382052846564606,3.9406160244643655,0.6176007877419702,-0.2721121415919631,0.07872597999020647,0.05987068453716038,0.05053097354252489,4.224604737434126,3.831530109760529
2.183421208252064,-0.01585973736333579,-0.658774173591435,-0.3627209319887613,0.26742770019337403,0.3220048749406096,0.3930186831085266,4.66726653309049,4.449864692794684,-0.13759890625275795,3.623276165836824,0.5988856123558499,0.13022598805319494,0.0771670809512881,0.16375386606877407,0.1048049821622738,4.0317276788697365,3.8908136345552906
1.932069120028303,-0.18215578405016425,-0.49782366527080035,-0.5074534643609693,0.19212352817909611,0.24708856911171032,0.37804654279963024,4.427642470572461,4.256781984449331,-0.07831234042389346,3.630689493482833,0.4940806301935763,0.7634504822195758,0.05904333465833189,0.12057556818514614,0.06363159631280901,4.435812887167012,3.9815650072066897
2.1346646264710354,-0.2022438476621642,-1.0031334006960488,-0.7254041455096464,0.2183216451611344,0.20916941301311365,0.13287774524145407,4.740223928941852,4.55825233170761,-0.16105330336006296,4.142295101336651,0.6250868578964184,-0.02981357696782072,0.26252696588726165,0.8800960391014621,2.9775844039317416,4.873557262275185,4.760975803905794
1.8409772712537884,1.2815423712290233,-1.2726319262561814,-0.6674760602757813,0.6294833848635276,0.6865331853009098,0.8215961994506817,4.906890595608519,4.851335040052963,-0.00041189997688539925,4.370849850123823,0.9844182253099285,-0.8597174297152763,0.29009045258114363,0.3402078816311702,0.35933136741351,4.906890595608519,4.702696776152055
0.836980133470238,2.967301056763562,-1.3025762068739737,-0.9204132596280036,0.6914521245271754,0.7477689092667997,0.6512881034369865,4.906890595608519,4.583896342900642,-0.10005147601244668,4.146022234751012,0.6962045243636756,-0.8534013812150884,0.16163231320275007,0.31048093350404704,0.17779416616814298,4.773557262275185,4.552588164992866
-0.2147224518779967,2.050121126179314,-1.8864896789209276,0.8937420472525575,0.2358220393306492,0.2088828169914888,0.2096099643245476,4.715061012203069,4.550563009567309,-0.19475785701610815,4.443920147406095,1.4560406450401604,-0.7423762088596101,0.1792801310640788,0.31207263396331486,1.1996427422503122,4.840223928941851,4.61653135946135
-0.4521006743487378,1.8444262862054235,-2.3805703091145034,-0.190837818053078,0.21923710524652784,0.6801373038562705,0.38927564803130243,4.7276424705724605,4.612337540004885,-0.04481578280285714,4.3663347107892045,0.8721271729932066,0.5350023322572659,0.07385519255051654,0.06548539281276744,0.052402491081136926,4.3358128871670125,3.959199276379119
-0.5114389538690121,1.3041501793370325,-2.1297869589404916,-0.11762608419837146,0.1350590650369766,0.13614672082530088,0.13474926278006638,4.740223928941852,4.347839537369126,-0.03366905330226522,4.315897029111564,0.7560930855992606,-0.5943786335660967,0.07445069286439909,0.07821453477412521,0.13849229785729028,4.196188824648983,4.05237094267449
-0.6013933165011748,1.289542747966336,-2.0025237663148734,0.926249213972869,0.25570797316047633,0.25160233350629346,0.5352540160430409,4.740223928941852,4.52142349569044,-0.012341253623797899,4.356851834560997,0.7972664714487253,-0.4499497953600299,0.12786126419703525,0.17682161733342938,0.16469354339785885,4.756890595608518,4.4471412205964995
-0.3391284177507713,1.015170251194043,-1.9987807312376495,0.8752221995726085,0.12830808268244098,0.26107210160237326,0.1310062277028421,4.51506101220307,4.2470675068834725,-0.12968671774161988,4.3750187259532325,0.7935234363715014,0.029224767895397234,0.05966813898363965,0.16532537104915201,0.08983284185337753,4.334980674916096,4.049092662309029
-0.43894097704519447,1.3375181225392339,-2.27576532695223,-0.7028449424992215,0.12978166684818598,0.5957061908722953,0.3237725341798814,4.627642470572461,4.45678198444933,-0.14332195841992412,4.078406234532619,0.7298918400586922,0.21291339205961674,0.09276564628995443,0.3233805757964592,0.08421828923754121,4.199441820695343,3.9873181318714535
-0.3594268851747516,1.6997006912724912,-2.3319108531105908,0.6732590814777574,0.08773672775152652,0.16750029235377362,0.19650934155426314,4.7068905956085185,4.463699276103978,-0.22590758282355483,4.175867984987387,0.842182892375414,0.45395440362465816,0.08056077929049565,0.07815751941494842,0.0655031138514211,3.6946820790874497,3.550579170910822
-0.38410906290603974,1.4567738533942776,-2.1784464149444043,0.3430238993593505,0.18358745290872308,0.2583482406187798,0.15720747324341067,4.840223928941851,4.580474553929832,-0.08015723977936384,4.129489877790633,0.771065225908157,0.8156999892027333,0.10477736117942849,0.10440325193986721,0.07298918400586923,4.288233670962456,3.963070754223674
0.4725611391709946,1.3376282767484833,-2.286994432183902,0.9149461448251717,0.25973238692702205,0.1809065943802609,0.09544739446921358,4.906890595608519,4.532534606801551,0.023157346620451547,4.217896251939919,0.6512881034369868,-0.6996836745748233,0.16932583397921785,0.132209824612314,0.0973189120078255,4.767266533090489,4.383896342900643
1.235426701340168,1.2183050898209549,-1.4111242241134716,0.9318420533561658,0.47277087743654667,0.32949612348401425,0.39489020064713853,4.906890595608519,4.742947401140036,0.1189804101419778,4.397106895972128,0.6774893489775554,-0.041276512049507726,0.09659133778318008,0.036019468350364736,0.0580170436969728,4.411191066813819,4.02973742089034
0.9523915778428458,1.5618929526961733,-0.95821697976936,0.8229070929723492,0.5587109197760558,0.7141084935483712,1.2258439877908804,4.906890595608519,4.813807887263167,0.019218496233113114,4.471583790141735,0.6587741735914351,0.2582733760092559,0.13282664016719004,0.21037720038222996,0.17405113109091902,4.856890595608519,4.5720869150169055
0.5708673561989126,1.7060817661481664,-1.5720747324341064,0.8914325421488584,0.42246345030056054,0.24536804448079208,0.2563979027898483,4.790223928941852,4.620725178917813,-0.07349269746225562,4.533219263087066,0.9731891200782563,0.6572907916032723,0.2828855683937147,0.23218347663873495,0.183408718783979,4.7276424705724605,4.518700023492256
-0.019959161375278534,1.5592748406036963,0.8197246819120697,-0.9609981018825628,3.3168376856930353,0.3535156605201728,1.8808751263050913,4.906890595608519,4.749309884627406,-0.2404879330155254,4.752227796354319,1.5383874167390896,-0.7645605791315055,0.41146918808289545,0.23345593859317448,0.8066240591417853,4.906890595608519,4.829112817830741
-0.022072056004011742,1.7631486265832694,0.9320157342287916,-0.20926610059275239,0.10974772260651244,0.4037728578484646,0.32938708679571754,4.740223928941852,4.476979051245996,0.01261889731888921,3.2838142557565746,-0.5689413317380575,-0.44441812329894975,0.9998683772839831,0.5004945321546435,1.9838085909287528,4.906890595608519,4.813807887263167
0.17110452353015404,1.0674383733940074,0.6887184542092275,0.10642513769342725,0.6888343763582596,1.1372506831130598,0.7785512960626051,4.873557262275185,4.716531359461349,0.0510665578709214,4.950107090312892,1.852802363225911,-0.27060737710400207,0.45473238039564934,1.2078539578107137,2.4348443177342527,4.906890595608519,4.851335040052963
0.48669737601525886,2.8009159474036784,0.3219010166412694,0.10303769909250968,0.7784913825858721,1.019134632333542,0.38366109541546645,4.906890595608519,4.769363442818722,-0.18453066764722115,6.259070967434949,0.8197246819120697,0.28282851090513983,0.33326916926380273,1.4302352798946476,0.6718747963617193,4.906890595608519,4.829112817830741
-0.43817951777359987,0.5609698830973995,0.44167813911243936,0.4350902464099528,0.18470054602381936,0.7966407517568299,0.20773844678593548,4.640223928941852,4.440922245714479,-0.19187297152479332,5.445271291518818,2.552749922666811,0.6137548351206095,0.34650948864664255,0.6411813345670936,0.6101147175875221,4.77764247057246,4.694309137239127
-0.8643542766972505,0.34294173751715984,0.3144149464868212,0.2968597398532774,0.42805167913253817,0.31111271970090987,0.4529072443441116,4.773557262275185,4.567893095560441,-0.2129039549905105,5.0709784686762145,2.223362835871093,0.906575588762179,0.2596762456070565,0.2541737729730107,0.2283251397106678,4.756890595608518,4.403162626369312
-0.7809002859448944,0.5066033498340142,0.7373779102131404,-0.004077194265536244,0.13094758105867,0.10354538248036885,0.12539167508700616,4.806890595608518,4.567893095560441,-0.20614372847083018,4.082021290572934,2.2533071164888856,-0.12295198329239607,0.1730190124367125,0.31027657420075827,1.0480498216227374,4.806890595608518,4.769363442818721
-0.9765230075369851,1.1738252791131114,-0.2545263852512363,0.5535586188210522,0.3591031111923515,0.4836318352986578,0.59888561235585,4.840223928941851,4.727087662405183,-0.17097888708022513,2.022566862835793,-1.321291382260094,0.7284137092592048,0.6702777665557804,0.6938895341011261,1.6300917761310791,4.906890595608519,4.836030109485389
-1.0967452841468184,1.6441713354073124,-0.37804654279963024,0.05512703263296786,0.2547416883337381,0.5435203280707969,0.29382825356208897,4.840223928941851,4.667893095560441,0.00195073632831122,1.7757413150528008,-2.2570501515661094,0.44716867773830116,0.13232517953967626,0.2939205898176469,0.2451687975581761,4.840223928941851,4.716531359461349
-0.9101710430226482,1.7967043314581124,-0.5614552615836095,-0.9339308081739492,0.20357617959710028,0.3062647163885833,0.2751130781759685,4.7276424705724605,4.545670873338219,0.04338230661607523,2.0014664522869365,-1.7816846967586537,0.13327959055446684,0.23542966600864346,0.15794880619481588,0.7298918400586921,4.840223928941851,4.765169623362258
-0.9385852613602808,1.3780142485202642,-0.32938708679571754,0.2271347929360733,0.24063076997881128,0.3243683857432299,0.5670698141994455,4.673557262275185,4.5192548316595325,-0.23718689696148687,2.128272148088328,-1.7554834512180852,0.2945386370500473,0.12465442058823295,0.16416442445328494,0.21335299940177171,4.656890595608519,4.512337540004886
-0.8962330307658486,1.6299882807757216,0.1048049821622738,-0.6059989937053207,0.14618853467020143,0.12083085131607374,0.2189675520176077,4.740223928941852,4.508143720548422,-0.4513135533512218,1.6778069525434087,-1.1079383828583227,0.7893199479281978,0.3497058191415066,0.2195581889138497,1.8883611964595395,4.873557262275185,4.840223928941851
-0.6581106358954218,1.5537879662584535,0.5913995422014019,-0.19257121719173184,1.1659069375105973,0.5103170911320429,0.9264011816129554,4.906890595608519,4.724918998374277,-0.4280772093755464,1.6585724013762113,-1.5383874167390896,0.6504350960376972,0.43957603993988575,0.3200727469885377,1.684365784750828,4.906890595608519,4.829112817830741
0.0894507292888087,1.4362772496752478,0.6213438228191943,0.4493918404081058,0.3146848910690392,0.4496197690391095,0.2788561132531927,4.906890595608519,4.683198026128016,-0.30601571135535044,6.337104627872528,1.2202294351750442,-0.12517669824075267,0.38884784562732205,0.8904753483918917,2.1803179324830166,4.906890595608519,4.895779484497408
-0.1351636748716456,1.138843652474549,0.4978236652708003,-0.6131893233831143,0.39390849937046957,0.595752318581207,0.40237627080158667,4.906890595608519,4.772086915016905,-0.3994295625891271,6.823882616480846,1.7667125564497574,0.07370696945574927,0.11089562716049513,0.20732540410801548,0.22645362217205578,4.760975803905794,4.6039499010919585
-0.057904249659531004,1.0022112552186027,0.7373779102131404,-0.07795178462421846,0.15029987210778328,0.26037248319658063,0.3555883323362859,4.806890595608518,4.716531359461349,-0.13985821773054236,6.627892494775602,1.429839399499592,0.9629876974030849,0.5463145417715152,0.4929099979388285,1.6113766007449588,4.840223928941851,4.795779484497407
-0.5353543644575223,1.3425810400212912,0.1459783680117384,0.7133235858241269,1.1356609063582015,0.8467120349729984,1.265145856101733,4.906890595608519,4.840223928941852,-0.3616070966812489,6.682089684899057,2.1672173097127323,0.9430753943063392,0.24398222697822947,0.2471052159345022,0.9320157342287915,4.873557262275185,4.672086915016905
-0.047609870326760007,2.0856025093247954,0.3892756480313025,0.626303701285576,0.6107124001335889,0.39047692738550877,0.38740413049269046,4.794309137239127,4.674810387215089,-0.12360054210749583,6.285935193829211,2.058669292473234,0.8470577648884193,0.09308368972512926,0.11840757334706531,0.5857849895855657,4.606890595608519,4.576280734473369
-0.17504511874959405,0.9694818547702577,0.5839134720469538,0.012186410134286629,0.2969415972752687,0.7572576738779451,0.37991806033824227,4.873557262275185,4.62142349569044,-0.14127040176904854,3.6156138254091994,1.1191674880899947,-0.6585572612626409,0.18634359104613818,0.574854333994619,0.905814488688223,4.773557262275185,4.713807887263165
-0.25352543901362035,0.18823779276999147,0.32190101664126936,0.8629881020842578,0.6156012170344622,0.1820919045413605,0.3312586043343295,4.669146220500345,4.4310642595432705,-0.24273228496543642,4.221185386723763,2.492861361431226,0.14030072649159353,0.06715750892791161,0.3243840090658874,0.32564405171849353,4.594309137239128,4.390258826388013
0.6061214297997637,1.4628528721519842,0.17217961355230693,0.8105033287098965,0.9159151040649838,0.4991812642297172,0.6999475594408996,4.873557262275185,4.809614067806702,-0.3829324488450331,5.713437038341226,2.3393969232650393,-0.6600816822655863,0.3531523802567495,1.3079343339093938,0.20399541170871127,4.873557262275185,4.6873918455844805
-0.6595963988475075,1.4047774431621738,-0.07486070154448125,-0.9476842005327933,1.261399632541237,0.650293759723681,0.8047525416031736,4.740223928941852,4.71800170671963,-0.2916431453631734,6.8950180671920664,2.1372730290949398,0.8969589025445602,0.06614013356225137,0.24033121707020655,0.33687315695016573,4.756890595608518,4.624918998374277
0.31289333470606717,2.0527661154604906,-1.5196722413529695,0.5517903196023246,0.37182062389466464,0.3302706576747928,0.9919042954643769,4.873557262275185,4.736030109485388,-0.6323292642941583,6.87858667769056,2.5452638525123623,0.9385421799751668,0.13497009137455723,0.2163421669014176,0.0954473944692138,4.677642470572461,4.383341534733366
-0.07220464689592898,2.8791869107043864,-0.13100622770284215,0.8239055284624339,0.46613861237161247,0.3360545489770135,0.5389970511202651,4.773557262275185,4.702696776152055,-0.5216532751959043,6.922456965461971,2.608895448825171,0.630007869163369,0.0908332182571811,0.07562820669031112,0.07111766646725748,4.4483943455364034,4.204648217864586
-0.24581800474844107,2.872402909511489,-0.4379351040352153,0.6916730327315926,0.6937031079259124,0.0865401899684699,0.40237627080158667,4.560975803905794,4.478449398504275,-0.5613044732465726,7.142606864683558,2.900852184848649,0.9678956127120566,0.19958459924660166,0.1620481325442964,0.08608980677615352,4.342103616351707,4.159648965252863
0.23407698394445298,2.956520007185417,0.20960996432454754,-0.7288119198667784,0.640420381887457,0.5251404151445858,1.1977712247116998,4.906890595608519,4.851335040052963,-0.1446863947719034,6.804646149839891,2.691242220524101,0.913204960820279,0.12960528918852834,0.1950770452333983,0.22083906955622012,4.723557262275185,4.565169623362258
-0.20222425249865417,1.9110885947677994,0.4903375951163522,0.15450425731757092,0.33282162078162125,0.4883268500774851,0.5071812529638604,4.873557262275185,4.7068905956085185,-0.16275183158347362,6.64081277697358,2.346882993419487,-0.07036094848060262,0.09759423970462139,0.35290256688153043,0.9919042954643763,4.840223928941851,4.724918998374276
-0.5024824234988552,1.8123263118613322,-0.4603933144985597,-0.4932801748001728,0.3458455121391455,0.21064434464367365,0.2657554904829085,4.840223928941851,4.709614067806703,-0.3229896952105792,6.573995152031555,2.7661029220685824,0.7815412215606717,0.06266356566054684,0.08824324665378214,0.12726319262561825,4.102479553833679,3.9740383567294355
0.856669900934306,1.4451902544666102,0.18715175386120309,-0.013036651631785147,1.137747777187812,1.2510249303655012,1.7124385478300086,4.840223928941851,4.7693634428187215,-0.2265180857124446,6.229324889949584,2.530291712203466,0.7414086927018274,0.14380784636230334,0.899588098358389,0.32190101664126947,4.840223928941851,4.705420248350238
0.5857712159914641,0.9983961523695023,-0.5015667003480243,-0.03897216925552423,1.1050587487867318,1.4534516799964945,2.2327204235641536,4.906890595608519,4.783198026128016,-0.14287685843590703,6.283819604772026,2.5415208174351385,0.6847772400659542,0.7983790350721705,0.7661889108441486,1.18841363701864,4.873557262275185,4.791585665040944
-0.37173718026798386,1.9250972133966815,-0.7523500505220366,0.004740347519514758,0.7341762302062289,0.7629487807162196,1.0461783040841253,4.873557262275185,4.809614067806702,-0.6063040806961587,3.3396137413744347,0.38178957787685436,-0.07981550301095591,0.1695570333581814,0.3433180375684892,0.5258964283499807,4.840223928941851,4.649864692794683
-1.487608093013261,0.6589194598379139,-0.27324156063735655,-0.5363460573098318,0.4353910768030036,0.6246322720119114,0.5595837440449973,4.906890595608519,4.776280734473369,-0.27730100068441954,3.1042909758203536,-0.2545263852512363,-0.5034262831231338,0.17947985857138427,0.255691623818727,0.4285775163421552,4.856890595608518,4.7582523317076095
0.0727849214034566,-0.4826260075586674,0.7560930855992607,0.6251740666638619,0.10093881575592256,0.6979016829610316,0.40237627080158667,4.873557262275185,4.716531359461349,-0.2023924399534417,3.482987272890594,0.6026286474330741,-0.160358626283138,0.15283856757609376,0.42486511182651543,0.656902656052823,4.627642470572461,4.608143720548423
-0.010805716427336964,-0.7823060795705745,0.09731891200782566,-0.4877669809405249,0.21277558294687937,0.4045109628233769,0.5857849895855658,4.906890595608519,4.7804745539298334,-0.04119213730537419,3.4082468295989314,1.3961520838045751,-0.39170893886593083,0.12664762455474576,0.238651461505218,0.658774173591435,4.906890595608519,4.81800170671963
0.07538743877142107,-0.8364333461581386,0.21335299940177155,0.16740870323454313,0.18963859098553026,0.7596336024422401,0.4248344812649311,4.648394345536403,4.533089414968828,-0.022389867380503303,3.3060752632774637,0.9133005588426713,-0.5600121401514729,0.0957336782206189,0.09633804926354483,0.26388397294429633,4.525436949685041,4.375508703987715
-0.17301039712890542,0.3635287209064094,-0.014972140308896265,-0.8167844701072622,1.503258346064095,3.3899580289078903,1.1977712247117,4.7276424705724605,4.641477053881756,-0.040972908983741674,4.433075084826525,1.7105670302913965,-0.8072257717936494,0.48877837117967143,2.4490960769889947,1.0985807951652622,4.756890595608518,4.762446151164074
0.3800016074525898,3.6459290826680983,-0.029944280617792474,-0.5866560998161932,0.5086476106414741,0.6820157484974352,0.5895280246627899,4.873557262275185,4.711782731837609,0.08239736268665449,6.927916812495839,1.912690924461496,-0.08255821808435224,0.1273170992648836,0.0948248895119237,0.2002523766314871,4.723557262275185,4.567893095560441
-0.3641708003176536,1.2913709811680127,0.4603933144985597,-0.9473438385997974,0.12669935778979102,0.6583223610777297,0.24516879755817608,4.906890595608519,4.769363442818722,-0.2891462429268002,5.703192175807468,2.5452638525123623,0.7639399948391096,0.31967064052183947,1.111165139160191,0.5202818757341445,4.906890595608519,4.824918998374278
-0.14603528843655633,0.25207822197483354,0.38178957787685436,-0.7215770357439277,0.22853733966563672,0.1494634351805513,0.13287774524145424,4.673557262275185,4.432534606801552,-0.013700187388869356,5.060517184240474,2.5377777823579146,-0.9729069853709613,0.953276750299646,0.5634437211172059,1.1846706019414155,4.890223928941852,4.836030109485388
0.12611515987368938,-0.08743007228762709,0.31815798156404534,0.21112938377523052,0.07080211055366448,0.337061295151493,0.11603408739394597,4.840223928941851,4.534559762227108,-0.09306289549079105,3.103303295385744,0.5389970511202651,-0.49594232069295147,0.8550911495296416,0.4058157232300852,1.0050049182346608,4.856890595608518,4.818001706719629
-0.14220300408970932,0.6080118608273705,0.1908947889384272,-0.8103692698705643,0.6200140940591283,2.0391144683405455,0.5913995422014018,4.906890595608519,4.862446151164074,-0.6830563379363634,3.213464246686212,0.6250868578964185,0.7705532802324003,0.6679746210884474,0.4966068630075122,0.9600884973079721,4.833933199757156,4.824918998374276
-1.1121690765811387,3.0570694775854186,-1.6095050832063469,-0.9774308293280438,4.840863273318424,2.1382814546613433,2.1241724063246554,4.906890595608519,4.851335040052963,-0.11171093554879308,3.34649148952874,0.25452638525123616,0.5754487591462528,0.2510639803103297,0.48779459874191144,1.1247820407058309,4.906890595608519,4.8471412205965
-0.15501746574898734,1.8505787414228907,-2.215876765716645,0.4601376011062294,0.08255069470837695,0.8154158564894839,0.2189675520176081,4.840223928941851,4.570061759591349,0.06514196405618355,3.1117026160806383,-0.2021238941700994,0.7568087467444959,0.05400616104077416,0.2139687428528445,0.20586692924732347,4.638018408054432,4.523448651115997
-0.026796745188795157,1.0920301619880508,-2.230848906025541,-0.40819383603605663,0.31944273376651716,0.4037050372638805,0.2264536221720559,4.840223928941851,4.631836290028924,-0.01655170523330407,3.056262024860679,0.19463782401565133,0.7604008693389621,0.04503431710134009,0.11813066897718327,0.08234677169892934,4.177857733480485,3.872156709909228
0.21145934253895754,1.0725506092963561,-2.1971615903305244,-0.7866878692051147,0.17848453446913404,0.16284969398142302,0.1572074732434109,4.648394345536403,4.484451151067919,-0.04934244042996233,3.748670649289405,1.43732546965404,-0.8517374081082766,0.14653594007180526,0.3815290092227581,1.6918518549052763,4.592103616351707,4.592838789980847
0.6770149880785032,0.9404801862063155,-1.920176994615944,0.8895555050423746,0.2729006892141328,0.3075983034242199,0.28821370094625276,4.840223928941851,4.638753581683572,0.08376248501814837,5.349696317715011,2.2158767657166454,0.8516666670273573,0.2667970459471685,1.224506098774886,0.898328418533775,4.906890595608519,4.784668373386297
0.5565737727647679,0.9867090924705986,-2.272022291875006,0.5860131126226932,0.09776738707502038,0.4923392972251116,0.3088003938709849,4.7902239289418524,4.640223928941852,0.24507417395439415,6.19728459306069,2.5415208174351385,0.5666890890823949,0.07679273932724401,0.1474773345567315,0.052402491081136926,4.410975803905794,4.049790979081656
0.8020340631769038,1.8024179251471644,-1.7105670302913965,0.1974833841229032,0.17149457329008339,0.18726496189666286,0.8627695853001464,4.794309137239127,4.749864692794683,0.11200568704646302,5.721907176424276,2.4778892211223296,0.9327091737172779,0.10787309161550351,0.13440274144854625,0.07111766646725726,4.196188824648983,3.967264573680138
0.9704729934513487,1.7715408017042376,-1.553359557047986,0.8348769503367672,0.08957557739178815,0.2056751526228019,0.20399541170871122,4.806890595608518,4.52289384294872,0.10132607671243354,5.851937201638266,2.447944940504537,0.9577444138805361,0.1660367348245267,0.1643367778266751,0.06737463139003297,4.200274032946258,3.9864025927804496
0.05675683402355691,1.6203462249034337,-0.5876565071241778,-0.995124293996989,5.329304978822131,0.7875176675956466,2.7698459571458063,4.906890595608519,4.836030109485389,0.14129835819975023,6.2749730320559145,2.526548677126242,0.7544083681924255,0.21060473201002144,0.503601114981433,0.41921992864909474,4.906890595608519,4.734004954059831
-0.05510690381336225,0.8418813453289993,0.8534119976070863,0.0016089922745721103,0.1085232483041807,0.24395037939694608,0.2545263852512362,4.51506101220307,4.380257331611457,0.019819623666915087,4.339227393390802,1.968836450619857,-0.6329530026075915,0.09068621364650437,0.12141222174512123,0.5184103581955326,4.31506101220307,4.3553116371910505
0.058489072472820425,0.13011180669814243,0.4865945600391281,0.5147918655943032,0.20872430873885195,0.3319020045257206,0.12352015754839407,4.715061012203069,4.46020377342014,-0.15494935085045725,3.839644515093581,2.320681747878919,0.3438110312995043,0.09653226156006878,0.34660066517380805,0.2058669292473232,4.656890595608519,4.456227176282054
0.1398773555599,-0.1102403919916822,0.14223533293451437,-0.5362295711602322,0.22458843529286776,0.46191880457391316,0.38178957787685436,4.906890595608519,4.795779484497408,-0.2331101552994061,3.621833630423491,0.95821697976936,0.9058515493662136,0.22411114732920276,0.20381386050443906,0.6194723052805824,4.823557262275186,4.691585665040943
2.5186256241737066,2.213980939981607,-0.7560930855992606,-0.9251601137087193,3.9693490324929135,2.0790205468453085,1.3998951188817996,4.906890595608519,4.862446151164074,-0.5102604820317076,3.181671551523601,-0.014972140308896265,0.4209471433440331,0.14885039767944525,0.37908553051215743,0.9170435939198952,4.906890595608519,4.840223928941852
1.2449973530686451,2.0111605465059963,-1.085480172394978,0.774835481226128,1.6120187478207055,0.9947980702497587,2.157859722019672,4.873557262275185,4.75825233170761,-0.4348393639926486,3.611160815724242,0.7373779102131404,0.8123396536721598,0.8245695793487209,0.493492760933806,0.4585217969599478,4.833933199757156,4.754058512251147
0.6471070383448364,1.888321091529023,-1.3549786979551106,0.9267624066427,0.406364197699582,0.39659750403540595,0.5146673231183085,4.906890595608519,4.813807887263167,-0.012686613406962088,4.01842747164935,0.8496689625298621,0.1779825374495583,0.17457092472799418,0.17179895026993441,0.11041953477811006,4.767266533090489,4.437283234425292
0.7217812324080598,0.8897152931701081,-1.4747558204262807,0.4168371694732842,0.3258521572283686,0.29880209833763055,0.6512881034369868,4.6150610122030695,4.410867192746606,0.04172711863998457,3.6133365647799387,0.9245296640743434,-0.28486721711846924,0.07753031489025342,0.18959927607693472,0.12726319262561808,4.583933199757157,4.314273737480424
0.4614842450244644,0.6399076963345862,-1.5870468727430025,0.21613724406867113,0.1578881692875082,0.06439450852494666,0.21522451694038358,4.648394345536403,4.395562262179031,0.15261812778832318,3.796131566778815,0.8496689625298621,0.5025793429724514,0.11641866352286645,0.35523133498699777,0.9544739446921358,4.694309137239127,4.597032609437311
0.30843638672349444,0.5452763826113716,-1.6918518549052761,0.8290001141871804,0.18619130318438326,0.12393384814596303,0.22083906955621968,4.458770283018374,4.155222679241031,0.0036560546953863238,3.926469829801454,0.6325729280508666,0.6619103364068352,0.11939866843825386,0.16784934300665855,0.22645362217205567,4.817266533090489,4.62289384294872
-0.2922447147851448,1.098700269456908,-1.7330252407547408,0.7083957522160276,0.34246202448194446,0.6999201750849937,0.301314323716537,4.777642470572461,4.546923998278123,0.16380474809300827,3.8047063068178675,0.7261488049814682,0.8535278818877324,0.1793087105821437,0.12498671333402278,0.14972140308896253,4.277316637094896,4.070865195657506
-0.1086094385967521,2.2782748986873815,-1.553359557047986,-0.6681234585676568,0.1348652816473775,0.12071815687363374,0.1310062277028422,4.740223928941852,4.407588912381145,0.03310353831733959,4.221828556893233,0.7261488049814682,0.32316146493535797,0.11651599673689628,0.16465655283862812,0.07860373662170528,4.298394345536403,4.0121203176865095
-0.11357253960069025,1.456725030922367,-1.6282202585924672,0.7884972880023282,0.6086981594894075,0.16874165217541992,0.595142577278626,4.906890595608519,4.698502956695592,0.060389869810182684,4.06807115409877,0.4903375951163522,0.7073439338110472,0.0801901570149609,0.15236043754840534,0.21335299940177155,4.51506101220307,4.29717611804266
1.36288970574833,1.49127234444697,-0.3031858412551491,-0.036288134092548746,0.5990080767053751,0.3177418336777019,0.25639790278984836,4.906890595608519,4.680474553929833,-0.13927670491148214,4.162658574383008,0.6063716825102982,-0.060793336169453864,0.131073165016523,0.2426924646210047,0.4753654548074561,4.677642470572461,4.590115317782663
1.6616789945466763,0.9545324568111502,-0.15720747324341056,-0.8061391100564961,0.4463414903853875,0.32528813944571877,0.600757129894462,4.806890595608518,4.672086915016905,-0.19781467982678969,4.251076458255639,0.3743035077224063,0.7881393157078523,0.4034612102453402,0.48670851141680904,0.30505735879376106,4.710975803905794,4.594309137239128
1.2448978120043726,1.111547967545321,-0.6138577526647463,-0.47946764726542507,0.2068435833847213,0.10361306899423423,0.18715175386120306,4.773557262275185,4.558950648480237,-0.537878798772278,3.6429228170281895,0.31815798156404534,0.936221902225026,0.34779370850022917,0.13902511666156414,0.1515929206275745,4.644309137239127,4.361674120678421
0.48848515551564575,1.5488311138573252,-0.35558833233628595,-0.17112319753165398,0.1441758260629984,0.1911854000295246,0.10293346462366174,4.740223928941852,4.4298111346033675,-0.09941012762772039,3.5800004532659555,0.299442806177925,0.6077368702072108,0.25882944366620375,0.18822009680359764,0.23768272740372798,4.8005998664238225,4.663699276103977
0.45633062639440425,1.6616317161798702,-0.714919699749796,-0.8356292968137433,0.3726389379266181,0.273607502653647,0.5202818757341447,4.873557262275185,4.698502956695592,-0.7551118737532909,5.516817571166667,3.428620130737241,-0.48584179121376875,0.20585929655591767,1.4959205039487493,1.7779416616814299,4.873557262275185,4.7387535816835715
2.5612977260625955,1.2895276195736236,-0.01871517538612033,-0.41312354740238355,2.6287677514774703,0.6254168891275212,1.3924090487273513,4.873557262275185,4.802696776152055,-0.3173526267815492,3.3264348163405892,0.46039331449855975,-0.04137636704760675,0.13327368662668593,0.5961884944086142,0.35558833233628595,4.790223928941852,4.654058512251146
-0.14761562694367036,1.3704916977362758,0.7560930855992607,0.3991758548321298,0.1018388346361081,0.3109057256448029,0.23019665724927985,4.806890595608518,4.61653135946135,0.06145771329632249,7.002913370824816,1.373693873341231,0.6071644031054243,0.17758004419357432,0.13286204033289817,0.28634218340764084,4.806890595608518,4.654058512251146
0.08514371510082963,0.8663848417391924,0.7673221908309329,-0.72042068704769,0.6322616731455604,0.635738220543793,0.3331301218729416,4.840223928941851,4.698502956695592,0.31230433734653107,6.066022860609605,1.852802363225911,0.5043238761792294,0.25621191045478797,2.5087569985825624,0.9731891200782561,4.790223928941852,4.784668373386296
-0.43578253806171396,1.0647094846565566,0.4903375951163522,-0.21679825331630437,0.37184687920528336,0.9404971791316303,0.299442806177925,4.873557262275185,4.731836290028925,0.17214363240452485,1.7043652305226633,-2.2458210463344375,0.7165058882320842,0.20543376492437143,0.9018043196030897,0.5371255335816528,4.840223928941851,4.683198026128016
-0.6498504325071108,2.0826125147772245,0.5614552615836094,-0.8377107127053722,0.7898891905741938,0.8231855615073838,0.21522451694038364,4.873557262275185,4.709614067806703,0.041344997092289226,2.1158573070741094,-2.7885611325319264,0.8002282809100628,0.12456956611612202,0.29513292036763683,0.25265486771262435,4.790223928941852,4.619254831659533
-1.3522255479244683,2.5063037669275294,0.3031858412551491,-0.1460947614704391,0.19905515985248146,0.11507864341516738,0.19276630647703918,4.840223928941851,4.597032609437311,-0.1267537490463546,2.2943358907584264,-2.5564929577440347,-0.8729320893947224,1.178007059701659,0.7245511281576529,2.2364634586413774,4.823557262275186,4.773557262275185
0.16101726148989837,2.930773241230984,-1.2876040665650774,-0.6614894809219122,0.9980206523823205,0.30584428482712633,0.42857751634215513,4.806890595608518,4.649864692794683,-0.6596402690115888,3.527388429857116,0.1384922978572903,-0.014180322409686637,0.1744825150467778,0.6095967371620967,0.40611930587881073,4.873557262275185,4.75825233170761
0.396576599000688,2.866158573801214,-1.2090003299433723,0.7985088160461148,0.23834628400872515,0.5122446074366253,0.3181579815640453,4.840223928941851,4.656227176282053,-0.41722738986634345,3.2728717457473113,-0.4454211741896635,-0.7906828727231711,0.4461781619565133,0.35950175374515525,0.8777417256090427,4.873557262275185,4.776280734473369
-0.47888533898874464,3.2931181897172435,-0.9507309096149119,-0.16622946866455618,0.13905192874849548,0.22818059000260793,0.179665683706755,4.806890595608518,4.476979051245996,-0.48136819366307226,2.9967700840613647,-1.2052572948661482,0.011888695818653051,0.11350279893658355,0.18208843363461602,0.4809800074232921,4.773557262275185,4.702696776152054
-0.4930632407454967,3.2425550607959703,-1.0967092776266503,-0.6898721798111556,0.11630284183523609,0.057760055810256894,0.31254342894820925,4.4483943455364034,4.253841289932771,-0.5134402238209578,2.937968112848134,-1.8340871878397906,0.00918403201281172,0.1477813108532074,0.11311866618274213,0.4042477883401987,4.873557262275185,4.742947401140036
-0.39119696246087643,3.0505050551032644,-1.063021961931634,0.04241882914994268,0.17970646362460707,0.11629315648882921,0.2657554904829084,4.7068905956085185,4.474810387215088,-0.47304397301876133,2.6399006845982775,-1.6955948899825004,0.1510754472525439,0.09998696005007307,0.1281641624873311,0.34435922710461364,4.840223928941851,4.678449398504275
-0.6187788587781524,3.100506955345268,-0.6962045243636756,0.38807904812119853,0.08028574109764897,0.1077543278790225,0.3911471655699145,4.481727678869737,4.370616567758626,-0.49659566082626233,2.452948548372666,-1.0967092776266503,0.6146291607862652,0.13606879058237298,0.16160239296997636,0.9039429711496111,4.806890595608518,4.709614067806703
-0.5274854976504111,3.170788526801388,-0.6700032788231072,-0.17146539320750728,0.25337088901910865,0.19408184415504381,0.5240249108113687,4.906890595608519,4.663699276103978,-0.5855457002525781,2.2812755624896317,-0.31815798156404534,-0.2807604085586415,0.1962197090063707,0.15175534981689287,0.8496689625298623,4.660975803905794,4.4997560816354945
-0.39190919002910896,3.061680328943324,-0.7748082609853809,0.4175159484161747,0.2647500814966286,0.3340097702877354,0.4023762708015868,4.806890595608518,4.570616567758624,-0.7085578759988134,2.3629781854151175,-0.45290724434411156,-0.4222883860230473,0.06702163268152689,0.06233068544392206,0.1852802363225911,4.398394345536404,4.246923998278124
-0.18667119463773507,2.9207653813299403,-0.48659456003912815,-0.96429016243462,2.035655721921577,0.6988376552588873,0.4042477883401988,4.873557262275185,4.724918998374277,-0.3700508469266089,2.5252354992244666,-1.4747558204262807,0.4725071542693399,0.2948537187737175,0.2906910156902398,0.4173484111104827,4.906890595608519,4.758252331707611
-0.10884489056366897,0.9932536247910937,1.0592789268544096,0.24153701486959106,0.1794436582700354,0.7797074924859515,0.3499737797204498,4.760975803905794,4.514506204035792,0.19233988880835123,3.8449705047123537,-0.17217961355230688,0.26109077458096186,0.2302885416405529,1.3630641477373386,1.3512356628778865,4.906890595608519,4.820725178917813
0.06249390927932508,0.5026259863590771,0.8197246819120697,-0.07232237638174094,0.14380480060233003,0.41574279905369327,0.12352015754839404,4.660975803905794,4.320636220967794,0.4325838817970198,5.135830421483712,1.983808590928753,-0.9484073261405999,1.3490358750520597,0.5531273270210333,0.5221533932727566,4.873557262275185,4.809614067806702
0.4436170819927714,-1.1398132306159572,0.40424778834019875,0.46280328529621106,0.5664886418271404,0.23268776655681095,0.1852802363225911,4.806890595608518,4.6150610122030695,0.23429388324813893,3.8332868796445903,0.5577122265063852,-0.7754744667090894,0.22852549212542894,0.3986965260690807,0.4435496566510514,4.773557262275185,4.605420248350239
-0.1352055816902773,0.03834486257082054,0.4566502794213356,0.7159567115625739,0.281132544982186,0.5859273077558024,0.19838085909287534,4.873557262275185,4.603395092924681,-0.007096971216464798,3.862118659425319,0.59888561235585,0.7069893347982686,0.14639033085132525,0.16808498279435025,0.34435922710461386,4.440223928941852,4.454058512251146
0.1043587113415736,0.8088475925313137,0.6475450683597628,0.3956213052224473,0.07679982143239128,0.2147524928492278,0.13849229785729036,4.740223928941852,4.470616567758625,-0.0335804703970487,3.938992010128903,0.5876565071241779,0.653907466149844,0.07462323632858303,0.10407329806845045,0.1141625698553338,4.254900337629123,4.173483548562158
0.21838431104796685,1.784301369401952,0.714919699749796,0.6337049893546085,0.4333661775400519,0.801261956195942,0.4529072443441116,4.840223928941851,4.71800170671963,-0.06448054417414906,3.572403163724114,-0.7074336295953478,0.023132629493946528,0.19128823694233044,0.8091487467309757,1.5720747324341064,4.840223928941851,4.795779484497407
0.15085460621915203,2.227743038524708,0.8571550326843103,-0.7825379511961083,0.37650752282397537,0.4176540663077013,0.5745558843538936,4.773557262275185,4.736030109485387,0.354093186620687,3.8456997162067843,-1.5309013465846415,-0.6061629194683374,0.6853162058575866,2.9542231167893656,0.9713176025396443,4.906890595608519,4.802696776152056
-0.21359166765500515,2.483431219111313,0.4491642092668875,-0.8481917432216869,0.6385321362878651,0.6174556782515215,0.7560930855992607,4.773557262275185,4.751335040052963,0.26636124424698365,7.0669298249241415,1.1827990844028038,0.1410778795948713,0.2587562169114835,0.26257076695255765,0.4491642092668876,4.906890595608519,4.765169623362258
-0.45959671273888203,2.5762544483190792,-0.20960996432454754,-0.9060696214263863,1.239628521446701,1.113704120537344,0.9638315323851961,4.840223928941851,4.709614067806703,-0.07845550348918667,6.944511676025921,1.6282202585924672,0.9713216853615986,0.12111254918311307,0.24828395929985625,0.4959521477321883,4.773557262275185,4.669363442818721
-0.6462657660376112,1.7874205972231896,0.46413634957578376,-0.7809334897379091,1.327972671962503,0.8739565038415389,1.7536119336794733,4.873557262275185,4.765169623362258,-0.4286820261163298,5.870565273378412,2.3730842389600557,0.9043014069299864,0.26238197350396114,1.614572264445529,0.5932710597400137,4.873557262275185,4.806890595608518
0.23689018621088387,1.5148724383225864,0.6475450683597628,-0.9247026482322805,1.0390120045610112,1.623010015678077,0.7036905945181238,4.873557262275185,4.7693634428187215,-0.22639848122896608,4.933538226956548,2.309452642647247,0.6320218862151448,0.10800668259892376,0.5326910246778387,0.1815372012453671,4.840223928941851,4.5853666901589225
-0.5703495667412875,3.6767027307539153,1.0929662425494262,-0.34453866255995413,0.28245896749587107,0.18787503709063502,0.3462307446432257,4.681727678869736,4.552588164992866,-0.07599118565791413,6.539055127649023,2.7773320273002544,-0.45086929401771886,0.15651221509356378,0.42577049053526617,0.25826942032846034,4.62051952913685,4.476424243078719
-0.9431732012719909,3.4530174718952016,0.6737463139003312,0.6278370484496901,0.265254870275456,0.174239156224546,0.19276630647703916,4.906890595608519,4.634559762227108,-0.1187470504206053,6.587989073310963,3.106719114095972,0.6945117828335502,0.11917770526073729,0.1947189579604789,0.3630744024907344,4.7276424705724605,4.590115317782663
-1.313423776350588,3.203588633438317,0.6700032788231072,0.7633666687149423,0.2786047387141295,0.13816111896317773,0.10854801723949772,4.673557262275185,4.3256173151469035,-0.03989838929534201,6.234297806616267,2.526548677126242,0.5570615800816453,0.18611181585075504,1.671778431874678,1.8939757490753757,4.794309137239127,4.742947401140036
-1.6219271852739063,3.3410432434541097,0.6138577526647463,0.44906389418702314,0.9331125253124117,0.4163558996303982,0.357459849874898,4.906890595608519,4.762446151164074,-0.1079980060404232,1.6220586935984755,0.10480498216227374,0.592882176470457,0.8532126048695285,0.612480770527643,2.024981976778218,4.906890595608519,4.895779484497408
-1.5962642173522221,3.0832883356621252,0.6700032788231072,-0.28496710081125437,0.68310339337463,0.3491931519456839,0.7186627348270199,4.906890595608519,4.738753581683572,-0.2569238252153606,1.4812491359411544,-1.2975854934376752,-0.3542454589957102,0.42069191862287614,0.174209659378052,1.9697722093891628,4.906890595608519,4.869363442818722
-1.306038402669261,3.3378383221045196,0.6849754191320034,0.3984664555283961,0.6277537116299732,0.6485331834028389,0.44916420926688755,4.906890595608519,4.742947401140036,-0.18422682762485132,1.9198533528255044,-1.8715175386120313,0.1647631148261631,0.21028241430373812,0.4341608984972074,1.734896758293353,4.906890595608519,4.851335040052963
-0.06745020239818844,4.067968957575495,-0.7336348751359163,0.16406205970185267,0.823450427021533,0.5729118642722808,1.006876435773273,4.694309137239127,4.551117817734586,-0.30431315309388307,1.5891582313638963,-2.5894316664236063,-0.46743968113066164,0.16160273547524084,0.19256919428025487,0.6494165858983747,4.794309137239127,4.745670873338219
0.7234812608502819,3.9077086691124943,-0.7635791557537088,-0.5138765884258722,1.32533533559243,0.7424167578840695,0.8983284185337751,4.906890595608519,4.7915856650409445,-0.5240149834458677,1.9661497284082632,-0.8721271729932066,-0.477935041512956,0.3554002037448968,0.2742487928491085,1.980065555851529,4.906890595608519,4.8735572622751855
-0.2280715115751759,2.1768239967127103,0.8496689625298621,0.30399845620451593,1.4385059963546483,1.4282723801839579,0.6700032788231073,4.906890595608519,4.824918998374278,0.08678943042941556,4.184593290142681,1.6619075742874836,-0.5638108481376322,0.7672872699435485,1.845711894726498,2.683756150369653,4.906890595608519,4.895779484497408
-0.5129346410659608,2.7546098882550853,1.0779941022405302,0.5127482195970143,0.5318302616450894,0.1879324166726266,0.19089478893842726,4.840223928941851,4.637283234425291,0.007866346681194014,4.8045623932008334,2.0923566081682505,0.5292148561590477,0.24697760774164607,1.621322168074537,1.0910947250108145,4.906890595608519,4.820725178917813
0.4447948292112103,3.1672619971916935,0.033687315695016595,-0.7872197001156358,1.449669250395044,0.6758938999181296,0.9001999360723871,4.873557262275185,4.71800170671963,0.030568567915808753,7.127062419683671,1.6431923989013635,0.783528033770461,0.24703354400106217,0.2507260610478661,0.303185841255149,4.7068905956085185,4.609614067806702
-0.24683567048425958,3.193123086131097,-0.28072763079180474,-0.7571235015485117,0.9199428384775179,0.5252519964405522,0.8702556554545946,4.806890595608518,4.702696776152054,-0.028648930947202,7.025898782975878,1.736768275831965,0.9796136520945838,0.19521075943370697,0.1564298951706733,0.3874041304926904,4.660975803905794,4.581727678869736
0.11156161029364897,3.2867196072789504,0.5389970511202651,-0.7937973739700648,1.0737827577675079,0.5348898489601037,0.4154768935718709,4.840223928941851,4.731836290028924,0.1591050335679277,6.668215205499873,2.2420780112572136,0.9550042186951514,0.1903382010461848,0.15293916098896343,0.2489118326354004,4.873557262275185,4.637283234425292
0.15691732767423483,2.40762151882162,0.4978236652708003,-0.9071168022849304,0.5423654225743166,0.694850933365426,0.662517208668659,4.906890595608519,4.760975803905794,0.027209822111221804,6.680076736304516,2.242078011257213,0.8276976334949792,0.1577036629653677,0.6392011308922783,0.961960014846584,4.756890595608518,4.654058512251146
0.6098699793354578,2.573672850375255,-0.419219928649095,-0.6024690847581402,0.6408701249804656,0.38700246535670146,0.6419305157439267,4.806890595608518,4.665169623362258,0.040790934664255596,6.953213629064982,2.1934185552533005,0.28959018565891786,0.12094054687167716,0.11956565626087201,0.2788561132531929,4.571351741387765,4.462228928845698
0.02041028668746092,2.930636172566187,-0.9058144886882231,-0.48065802477252206,0.5400298758069597,0.3496996630071656,0.7111766646725719,4.906890595608519,4.851335040052963,-0.14432009174857802,7.014997519806764,2.339396923265039,0.8995650953334813,0.2526650924324876,0.14627582000095218,0.2451687975581761,4.648394345536403,4.492838789980848
0.4305622296057585,3.4404951152659837,-0.2919567360234769,-0.17118515469488718,0.4134370508319116,0.32323338230660936,0.22645362217205578,4.773557262275185,4.649309884627406,-0.1081443402222182,7.095831617257655,2.111071783554371,0.5500323591580398,0.15899725093792616,0.16459767851433948,0.18715175386120286,4.681727678869736,4.5108671927466055
0.3991343225200903,3.4300763863418835,-0.09357587693060154,-0.24295078029990594,0.3631125421184809,0.41148391491145464,0.41173385849464683,4.873557262275185,4.742947401140036,0.1912525630589342,7.092555548569458,2.0062668013920977,0.9385723386158238,0.2793898519049609,0.15224492096343845,0.4285775163421549,4.631727678869736,4.515061012203069
-0.0035831853568972782,3.2707942931290623,-0.38553261295407854,0.5705170570251521,0.21655693604718085,0.5073182471754176,0.720534252365632,4.806890595608518,4.795779484497407,-0.025578239281664972,7.0562529044812585,2.429229765118417,0.9408542810482655,0.2837772695319258,0.06193450775274867,0.36307440249073386,4.673557262275185,4.598502956695591
-0.057082633380861836,3.703375545904785,-0.026201245540568463,-0.5791048805988755,0.24750956584474748,0.2710856964976198,0.5876565071241777,4.873557262275185,4.680474553929833,-0.1237009941912065,6.520758010264817,3.0805178685554035,0.763885500424496,0.2739967079803753,0.8939388657171641,0.41173385849464705,4.840223928941851,4.736030109485388
-0.9719101528997096,2.864958262770955,0.19089478893842715,-0.38283398780907363,0.6762779928930969,0.707576082326691,0.7411209452903644,4.873557262275185,4.802696776152055,-0.30204710152731107,6.114142298735755,3.0094002020881465,0.919148448471742,0.4423699965229111,0.10953930265552403,0.3593313674135101,4.673557262275185,4.5192548316595325
-0.5436075759546823,2.3878094044573253,0.06363159631280907,-0.4902641807254963,1.1351762776210803,0.8281079723440892,1.733025240754741,4.906890595608519,4.813807887263167,-0.18672026521228807,6.2956643704506945,2.814762378072495,0.8748696870902343,0.35086063791991823,0.9945784593228169,0.5184103581955324,4.906890595608519,4.713807887263166
-0.27880622646898034,1.9175291479657512,0.8945853834565509,-0.7024816454935044,0.10258385512275092,0.7899776343205702,0.20960996432454743,4.794309137239127,4.5636992761039785,-0.3240308623446463,5.756802547831211,3.23398230672159,0.8590354832097212,0.08848102898091714,0.25743385409530983,0.4828515249619043,4.740223928941852,4.6234486511159965
0.11313355849781326,3.8110904914241126,0.2769845957145806,-0.8798442831427321,0.3372844770618255,0.16002852193453476,0.6250868578964184,4.873557262275185,4.731836290028925,-0.1609882990886552,6.662341375977514,2.7698459571458063,0.9787906911793974,0.26598614062841636,0.22123167027255475,0.6419305157439268,4.856890595608519,4.791585665040944
0.27446700699226456,3.655691711436219,0.5801704369697297,-0.5969541617193624,0.24585535525527424,0.08111047749944666,0.28259914833041677,4.773557262275185,4.624918998374277,-0.057042634463307984,6.857146943368191,2.5340347472806903,0.2690250870844672,0.15106090789972437,0.07931593036729234,0.25265486771262413,4.7068905956085185,4.469829293035978
0.23430692935008324,3.933705918221777,0.5127958055796966,-0.8373206167656083,0.42698621372591594,0.06628027769101741,0.17779416616814298,4.840223928941851,4.491729173646293,-0.14563776464824907,6.954585659748586,3.058059658092059,0.8687709033639226,0.14228132578745467,0.1297556450044599,0.602628647433074,4.444309137239128,4.442947401140036
0.18474238512947405,4.018960723015626,0.5951425772786259,-0.6410157223122839,0.09888483568513484,0.08099742997420933,0.08796132431476542,4.096404087557007,3.8595752515398365,0.09508284447923626,6.6621374034321,3.11420518425042,0.48621832489237465,0.124993607439429,0.2962863706324592,0.2638839729442968,4.660975803905794,4.534559762227108
0.05379757746582725,4.0519231559481135,0.6363159631280906,-0.21925639731063357,0.07267447916525271,0.05580380268320795,0.14223533293451437,4.323231428797621,4.093448148803454,0.17759310423975172,6.488190936707714,3.3874467448877765,-0.07202341597117709,0.11492254933391305,0.13164435484019998,0.18153720124536687,4.4286899457314,4.269289729105695
-0.9131957586114416,3.701646672603174,0.9657030499238082,0.006524604054974712,0.7712776618658177,0.44600856183887805,0.6438020332825387,4.840223928941851,4.736030109485387,0.1110709732494804,6.736396290464095,2.885880044539752,0.2358242585623794,0.1729211161089565,0.314189466755852,1.0967092776266505,4.873557262275185,4.723448651115996
-0.3769059099315797,3.3666792213309353,0.7373779102131404,-0.3288721888144331,0.8227559814606904,0.4387659431144326,1.014362505927721,4.906890595608519,4.836030109485389,0.05310764810301777,6.854831602575855,1.79665683706755,0.15941681287435822,0.16625343102155743,0.23739217350119057,0.3031858412551489,4.873557262275185,4.709614067806703
-0.09396357570520486,3.722547660786847,0.014972140308896154,-0.2767193152307125,0.6456534859629555,0.163511526911992,0.18153720124536699,4.840223928941851,4.694309137239127,0.10709998942149346,6.5297676202903725,2.242078011257213,0.6479165520480022,0.17225702671389082,0.4241602796155717,0.3649459200293461,4.806890595608518,4.61653135946135
-0.04081019228429161,3.9342468383281055,0.07486070154448127,0.5762110008209097,0.7060670037077885,0.14605790564110266,0.3481022621818378,4.840223928941851,4.776280734473369,0.03851804809145459,6.225397162666644,2.466660115890657,0.9626572827543066,0.23972888891845417,0.11382801662096176,0.2938282535620893,4.873557262275185,4.678449398504275
-0.5946281389068659,3.821075578331264,0.5689413317380575,-0.29104427005303546,0.61789581447493,0.14053100323973977,0.5745558843538936,4.806890595608518,4.75825233170761,0.07738087607081179,6.650574863068709,2.1709603447899566,0.6950493176530594,0.19117679357313003,0.4341332837803722,0.5876565071241776,4.790223928941852,4.740223928941852
-0.11812999960882031,4.026981249738808,0.4079908234174229,-0.2807889144553597,0.6173119176384894,0.14649140441095843,0.44916420926688755,4.840223928941851,4.724918998374276,0.28032311552613426,6.927673329049005,1.4223533293451438,0.9762051629191475,0.19041860083724002,0.11236930138957302,0.34997377972044985,4.823557262275185,4.6651696233622575
0.6689530910363501,3.292742556449485,0.25826942032846034,-0.21400993511813277,0.9324003839397732,0.3579350665765024,0.7579646031378726,4.840223928941851,4.751335040052963,-0.0011112233400403237,6.028196180121579,3.11420518425042,0.84367352806496,0.15221187579105216,0.1467987122009191,0.45852179695994777,4.906890595608519,4.765169623362258
0.44811497771744135,3.6636022451102983,-0.08983284185337752,-0.9811599612056231,1.1671224287930186,0.5900562838724988,0.22832513971066778,4.740223928941852,4.627642470572461,0.07748242304300801,6.4231066638948855,2.979455921470354,0.9516078359344775,0.21712313561994895,0.13454372115276048,0.4828515249619041,4.794309137239127,4.765169623362258
-0.0690533604250998,3.797924772601581,-0.07486070154448124,0.41436189792543554,1.2829849393042787,0.3810757879935851,0.6101147175875222,4.906890595608519,4.749864692794683,-0.2646637083704299,6.677321746606347,2.9607407460842334,0.9402514671273384,0.19608395948475324,0.33357317881006754,0.42296296372631925,4.790223928941852,4.680474553929832
0.217370932414104,3.3990856504993534,0.20586692924732347,0.025526511036204954,0.09292378470342189,0.1024804167562221,0.3088003938709852,4.694309137239127,4.597032609437311,0.2768342990004825,6.950672883286796,2.388056379268952,0.8425041244911906,0.07684981675261318,0.05336587892338507,0.1497214030889622,4.571351741387765,4.346923998278124
0.09426916675003483,3.525030210552682,-0.08608980677615341,0.7926988605287131,0.3392232515986484,0.48341745045559636,0.6943330068250636,4.694309137239127,4.574810387215089,0.19512174043283292,7.031633217386439,2.4816322561995534,0.942834184662568,0.120005154999207,0.25901780170831223,0.2414257624809517,4.856890595608519,4.600116812559221
-0.2872571516795206,3.87787083148273,-0.16469354339785874,-0.7623951880814406,0.299492604753429,0.11911473826987717,0.09919042954643764,4.606890595608519,4.3358128871670125,0.05231577799968151,6.379641643474152,3.1591216051771087,0.8541278859617284,0.08169732683005493,0.24961700367284934,0.3013143237165372,4.402479553833679,4.327425248254085
-0.2241987249027524,3.8401252859509953,-0.42296296372631903,-0.01668826822739085,0.08841674142343248,0.3135133415392968,0.7130481822111838,4.386569246460626,4.353790721294569,0.015107027180534693,6.45359137943727,3.391189779965001,0.9320325160063102,0.17097199283868314,0.24007287116348142,0.12913471016423017,4.5402239289418524,4.379004206671553
-0.1248665811475973,2.837557980641788,-0.5839134720469539,-0.4892427821642216,0.22508875937796247,0.5907990534754617,0.4267059988035431,4.873557262275185,4.762446151164074,0.06806387669732572,5.528305956221299,3.0880039387098517,-0.22619927457293168,0.7273985584642209,1.0597669399476244,0.9600884973079726,4.82764247057246,4.745670873338219
1.4173024230379716,3.0310605210155073,-0.2620124554056844,-0.3824952497236074,1.6263260878827026,0.4825433758814075,0.9825467077713166,4.906890595608519,4.776280734473369,-0.25658433730068875,4.641324081821063,1.4859849256579527,0.1520620517857062,0.2002695729502002,0.4574871611005571,0.4996951828094123,4.906890595608519,4.760975803905794
0.3210649109390561,2.4862533346544433,-1.4522976099629363,-0.8568618937940237,0.5193060212326381,0.6498162577724041,0.4079908234174226,4.906890595608519,4.769363442818722,-1.2778028074528254,4.929522748786458,3.2302392716443658,0.7468333632125418,0.5103627234558101,0.5105903219210468,1.8565453983031353,4.873557262275185,4.691585665040943
0.4682069817346472,1.9510610628544576,-1.7405113109091892,-0.949146863354362,0.7818042466891552,0.571906826885592,0.5595837440449972,4.873557262275185,4.6762807344733694,-0.5468685712508146,4.6034215614333425,1.3025762068739737,0.9356403275870326,0.12381173870469436,0.18699802228342888,0.46039331449855936,4.7172665330904895,4.612337540004885
0.04147020985324157,1.4422585237617094,-1.2389446105611648,0.9700103047081091,0.2362638893204066,0.050536153848090515,0.15720747324341067,4.660975803905794,4.5414770538817555,-0.4111358037784542,4.553995169040421,0.9395018043832397,0.546422971534515,0.06098624482498516,0.15054179346732788,0.12352015754839407,4.5142287999521535,4.198557507350921
-0.2901494184066449,1.533512888671413,-1.2090003299433723,0.5426037236363562,0.14556166733075726,0.2719251047421576,0.6325729280508665,4.573557262275186,4.371299640294259,-0.4889551164755594,4.989226083090696,1.3474926278006625,0.904847493363257,0.10409285888369957,0.09791202262166743,0.2657554904829084,4.065276275111094,4.137426743030642
0.8193990741064956,2.0847697085346537,-1.1865421194800279,0.7755662942472699,0.33075930581139434,0.4075880198892682,0.7111766646725719,4.840223928941851,4.645116065170942,-0.8388132226846231,4.8645071057696665,1.5645886622796583,0.9379444554190222,0.2909109794869107,0.11433578137170164,0.5876565071241779,4.740223928941852,4.534559762227108
0.8367815033867166,2.0924923444566743,-1.5870468727430025,0.7563630317820079,0.2771699725240151,0.3966569250382953,0.44729269172827524,4.581727678869736,4.440006706623475,-0.5746239384486171,4.927456550960993,1.31754834718287,0.7942608519847916,0.04752945073329612,0.06740033897471287,0.04117338584946462,3.74350116700348,3.44758790775606
0.584356629488965,1.4324209300349884,-1.9763225207743051,-0.5271888707422017,0.12085764644561683,0.24351609318715706,0.17405113109091885,4.873557262275185,4.598502956695591,-0.6890254284432091,4.854439667832192,1.3549786979551106,0.436122972826504,0.06595709515965054,0.044194704696065124,0.04304490338807676,3.96492757527804,3.603128219074623
0.6331871792285302,3.6245303763311485,-0.3892756480313025,-0.9012846891380791,2.389835602641403,0.5844538072320442,0.8384398572981899,4.906890595608519,4.824918998374278,-0.08302692474259432,6.648829468196132,3.2751556925710545,0.15231949892441204,0.1569586183187836,0.14743719119485865,0.3181579815640456,4.906890595608519,4.829112817830741
0.8455455162655605,3.748508949208516,0.30318584125514914,-0.5484078211949628,0.5725360119061722,0.18729308535095002,0.364945920029346,4.873557262275185,4.642947401140035,0.37019838748337647,6.541944041869977,2.507833501740122,0.9602653462619181,0.2166031846636149,0.19370994591438162,0.32751556925710557,4.890223928941852,4.711782731837609
-0.25059511059193174,1.4502719644706858,0.6812323840547794,-0.8697240861529013,1.03896650608789,2.2713411458000445,0.3686889551065702,4.906890595608519,4.829112817830741,-0.08135955646809973,3.2981012135567127,0.7224057699042441,0.744533259517929,0.28544693108476826,2.18825917078276,2.6612979399063086,4.906890595608519,4.862446151164074
0.06717540597589622,0.6690654536665438,0.5614552615836095,0.22605202207308628,0.18954915101439607,0.19091630731293555,0.19838085909287537,4.594309137239128,4.377533859413273,0.025027970693508927,3.128793523368356,0.4079908234174229,-0.660306630008646,0.12289593673245308,0.21416204519173143,0.5015667003480243,4.77764247057246,4.679004206671552
0.01185167234305684,0.5636394074283169,0.7748082609853809,-0.32564916989928044,0.10666784363794068,0.2257110826988545,0.24891183263540012,4.840223928941851,4.679004206671552,0.0015452501987452405,3.119790205106015,0.3518452972590619,0.4017181903565349,0.02629827398420287,0.08139389265307106,0.12352015754839407,4.523557262275186,4.311782731837609
-0.10110857136968132,1.3326417000370139,0.7036905945181238,0.674449361753894,0.2576057842774899,0.4032288672405843,0.32190101664126936,4.906890595608519,4.760975803905794,-0.1705465933928626,3.963267544826903,1.2876040665650774,0.7916087872777348,0.23517495894820717,2.3215021724653573,1.5290298290460296,4.873557262275185,4.78739184558448
0.3001527979193428,2.4022810430323887,-0.303185841255149,-0.8652603672543192,0.653654488578816,0.5467152392134371,0.6531596209755989,4.760975803905794,4.701226428893775,-0.2239333035087,6.134080768162113,1.673136679519156,0.9323786918934062,0.4456305601875704,1.8444455553697643,0.6438020332825386,4.790223928941852,4.729112817830741
0.6553891797531346,3.2645423667371656,-0.4416781391124394,-0.15751934373321547,0.4186286830343213,0.29370993239679244,0.70930514713396,4.906890595608519,4.840223928941852,0.10897821756811432,6.9530318073571316,2.511576536817346,0.44748746676993384,0.10729529650388114,0.37790788577639267,0.5726843668152815,4.665061012203069,4.558035109389234
0.8587162996738775,3.4442501188940047,0.5839134720469537,-0.7234807723148634,0.8939322041263649,0.4841400079528879,0.8010095065259493,4.873557262275185,4.776280734473369,0.016026790536960822,6.703651580650363,3.117948219327644,0.6450777026904809,0.11541521605927357,0.13146611415449305,0.27698459571458045,4.756890595608518,4.669363442818721
0.38955814582799686,3.358757084792188,-0.13849229785729034,-0.36012701244549017,0.48994679907867056,0.549386389104831,0.8945853834565509,4.906890595608519,4.802696776152056,-0.1289323310408036,6.908474266376999,2.9944280617792502,0.9059209381562573,0.12943749823023457,0.11576331190955313,0.1441068504731262,4.538018408054432,4.29081363455529
0.549243871652138,3.6247993997916272,0.06363159631280907,-0.5868501899787735,0.25956266359886304,0.16524106475774203,0.6213438228191943,4.806890595608518,4.6957794844974075,-0.1337353591026214,6.574775924862363,3.1478924999454367,0.8317368518338903,0.12702212279514125,0.22967090033750592,0.2676270080215204,4.783933199757156,4.631836290028924
0.3592612462913265,3.545708935699025,0.47910848988468,0.5982154408007634,0.5390030798616401,0.1315132125906613,0.9638315323851961,4.7276424705724605,4.608143720548422,0.062039218973532706,6.691490233218721,3.129177324559316,0.9527839896693366,0.11853610282650145,0.16664588584372897,0.0973189120078255,4.444309137239127,4.224146967888624
0.47486569939699264,3.7059971215104475,0.8197246819120697,-0.47915610763486605,0.32945590094197397,0.2521697578241888,0.30131432371653694,4.840223928941851,4.563699276103977,0.23583047201523533,5.5474818406806286,-1.9239200296931682,0.29430053911079057,0.7372392993827848,1.392812220640439,1.4597836801173842,4.906890595608519,4.884668373386297
0.8258448487046948,3.584301948990518,0.25826942032846034,-0.7108595288192647,0.27684432081917176,0.30945327111481125,0.4285775163421552,4.606890595608519,4.45678198444933,0.5340859537984346,5.9639559476762605,1.3100622770284218,0.5570530155031324,0.4553926390401856,0.6807329491857574,1.869646021073419,4.723557262275185,4.740223928941852
0.6681606724977955,3.5201483913173086,0.36681743756795815,0.7093031076072652,0.3725556781097914,0.06305893251520156,0.1310062277028422,4.673557262275185,4.320507956599437,-0.21558049507612964,5.268092118375958,0.23955424494234,0.7082817810325117,0.45322398781496687,1.1493059977880464,0.9395018043832394,4.873557262275185,4.8513350400529625
0.047111803592695845,3.651743063433175,-0.1459783680117384,-0.8487527950435818,0.27744120967201824,0.1750941749681969,0.2938282535620889,4.806890595608518,4.613807887263166,-0.48943250027351104,7.384264018164308,2.2345919411027655,0.8738077085119286,0.31632958402972505,0.5004994340007936,0.9956473305416005,4.906890595608519,4.836030109485389
-0.06690688969908276,2.476279401435916,-1.0929662425494262,-0.7191685495031712,0.7662684828075701,0.6708609179190537,1.2950901367195256,4.906890595608519,4.836030109485389,-0.009808128588524201,6.447962643867626,1.564588662279658,-0.0896389218003913,0.655122422643588,0.8013428814707342,2.2345919411027655,4.906890595608519,4.776280734473369
0.9960761739847936,2.016065702320244,-1.8602884333803589,0.02951070014009439,0.2906874565452826,0.30451864036907095,0.5446116037361011,4.906890595608519,4.824918998374278,-0.31884632159693516,5.5045894944150255,-0.6363159631280906,0.16393411746770864,0.6533669232130448,1.5319519208354169,0.8234677169892937,4.906890595608519,4.836030109485389
0.5700139818849401,2.5752928240030926,-1.849059328148687,0.7054278795466096,0.9431821899901217,0.46207400925196485,0.6756178314389433,4.873557262275185,4.791585665040944,0.044453588030873625,6.2581845052101235,2.021238941700994,-0.443745832063303,0.681053964236182,1.793111536733496,1.2295870228681045,4.906890595608519,4.862446151164074
0.539512844749302,3.192543537668814,-0.8272107520665178,0.6020238592256147,2.1864527951443913,0.9821488399860268,1.1135529354741587,4.906890595608519,4.81800170671963,-0.6487141534640689,6.64333706246283,3.0056571670109222,-0.032432663959423555,0.4197833548290005,1.9674928908648868,2.565850545437095,4.906890595608519,4.824918998374278
1.7181429674357624,2.9487362970465467,-0.7036905945181238,0.1541921032493977,0.9523862721421116,0.5821746611972689,0.8683841379159825,4.873557262275185,4.694309137239127,-0.41744077758490516,5.071629570031054,0.9731891200782562,-0.4066518962700121,0.49933715441127396,2.322863169441377,2.5246771595876303,4.890223928941852,4.82911281783074
1.2313986963209176,3.7105822487953732,-0.9245296640743434,-0.7867781193710552,1.7243221420825572,0.4735107035224353,0.8066240591417856,4.906890595608519,4.824918998374278,0.6068953674528835,6.905793026809791,2.163474274635508,0.5044276971470195,1.313182548070802,1.633722197369552,1.195899707173088,4.906890595608519,4.8471412205965
0.9215673090373442,3.592723913885889,-0.2657554904829084,0.5193646514403119,0.36961269217162407,0.4069616478409237,0.21709603447899561,4.906890595608519,4.692283981813571,0.11118511596839609,6.476225025190402,1.021848576082169,-0.6253932062826826,1.077226876087687,1.4582361311513288,3.840353989231888,4.906890595608519,4.858252331707611
0.1827325093620249,3.691967587128541,0.20960996432454748,-0.23016164143038426,0.5770312295642315,0.14149647196949422,0.5333824985044289,4.794309137239127,4.701226428893775,0.24422688621768396,7.949436635009395,-0.11603408739394594,0.5844440039271156,0.43088164709804955,0.2257431612404761,0.4791084898846799,4.873557262275185,4.751335040052963
0.6126391828581841,3.4995009531490764,0.7074336295953478,-0.5141227555804719,1.1982540538706705,0.3846549921273188,1.2801179964106293,4.806890595608518,4.7471412205964985,-0.594799168091933,6.534396240365288,1.67687971459638,-0.7054514019641815,0.5678396611727712,1.3106911471788805,0.8028810240645614,4.906890595608519,4.840223928941852
0.5657683074940818,3.7408041963287118,0.5764274018925056,-0.7247535549940956,0.30693907880358995,0.28091317236036306,0.2208390695562198,4.873557262275185,4.636728426258015,-0.35841484689066605,5.824629940811047,3.3088430082660714,0.3951617639966705,0.4276007418130704,0.9472922995537538,3.5259390427450668,4.873557262275185,4.82911281783074
0.14922464269024038,3.316275365666143,0.25078335017401215,-0.8310979159732615,0.5881906575149536,0.5692234790820832,0.662517208668659,4.906890595608519,4.8735572622751855,-0.6549847019095361,5.227001851889218,1.0443067865455133,0.5006204756499989,0.31585117250425987,0.8980542542547316,1.1622123914780713,4.890223928941852,4.818001706719629
0.10630343347723326,3.1736058090546075,0.5913995422014019,-0.4786985606950242,0.6402812910843734,1.155332865838636,1.5945329428974506,4.906890595608519,4.829112817830741,-0.17604203092717097,5.376369378338661,3.25269748210771,0.47854698661723727,0.4057475228087936,1.3060500280321974,2.9401540531595014,4.890223928941852,4.805420248350238
0.5527614575468354,3.5775046016398946,0.3892756480313025,-0.35989849836668764,0.11854798329898131,0.11250676377904023,0.4379351040352153,4.806890595608518,4.729112817830741,-0.1920851653555457,6.400281611326634,3.926443796008041,-0.7756928820339636,0.1719054063874091,0.5359845426071761,0.70930514713396,4.873557262275185,4.7276424705724605
0.24921037093205678,3.3779022370251353,0.19463782401565127,0.8401761228450763,0.3252429615916488,0.12306656958356887,0.6325729280508665,4.890223928941852,4.773557262275185,-0.05544913249777378,7.207746984449077,2.8447066586902876,0.5375021743371313,0.18305353781848147,0.3606435978941125,0.572684366815281,4.840223928941851,4.780474553929833
-0.13966655465416578,3.8325401882816577,0.6063716825102982,-0.4458675013365132,0.8899137910672217,0.2679005925348157,0.3312586043343295,4.906890595608519,4.776280734473369,-0.13359067110905415,7.3024809561707436,1.7816846967586537,0.6313418786209143,0.09671529336759502,0.2708114681973721,1.0405637514682893,4.873557262275185,4.7693634428187215
-0.37550470596448515,4.05333777146387,0.6288298929736426,-0.27271585905093276,0.25351447182467934,0.23753967931943576,0.1965093415542633,4.581727678869736,4.413035856777513,-0.34537930033808273,6.307282010203456,3.6457161652162373,0.7867578960779317,0.08147082612813442,0.13956402129128165,0.19838085909287528,4.688018408054432,4.559505456647514
-0.33871308639636744,4.0502182143615855,0.46413634957578376,-0.7006832917250663,1.4878418553169273,1.6285649144975896,0.37804654279963024,4.840223928941851,4.694309137239127,-0.31416297039716096,6.84306473594895,3.106719114095972,0.5095423360259923,0.48378435717013246,0.40947358118237576,0.31628646402543326,4.873557262275185,4.754058512251147
-1.6351405976330768,2.9113182144956538,0.5464831212747131,-0.7119827564104644,1.4868953866992083,0.7213476373553116,0.6943330068250635,4.760975803905794,4.5720869150169055,-0.21485183790506168,6.095465087388648,3.417391025505569,0.17976621935848017,0.2076393234261169,0.24127527518902836,0.4697509021916195,4.783933199757156,4.690115317782664
-0.22689968208445777,3.7314127541176023,0.06363159631280907,-0.023691904953638526,0.25612144763889155,0.10633192941924374,0.35558833233628584,4.790223928941852,4.638753581683572,-0.10097224148275208,6.187395345713238,3.058059658092059,0.8290664209398152,0.14903960326524995,0.3788378593726418,0.484723042500516,4.856890595608518,4.678449398504275
-0.12431980951531596,3.6242614740925045,-0.20960996432454748,-0.772326561524749,0.22024381519364922,0.14691602534268133,0.3162864640254333,4.806890595608518,4.651335040052963,-0.14017380457411738,6.314798254693262,3.6794034809112537,0.7836915074057342,0.1598423138620218,0.12947486260747754,0.3162864640254335,4.673557262275185,4.594309137239128
-0.350689730683055,3.798926698575437,0.011229105231672198,0.7084826281273224,0.30205172492775945,0.26425597314570104,0.5801704369697296,4.840223928941851,4.673557262275185,-0.1661486590808035,6.4293942827381825,3.2976139030343994,0.6228120506136169,0.08827173245364103,0.114479940147862,0.18902327139981545,4.744309137239127,4.559505456647514
-0.3035884486507121,3.4215965897566547,0.6438020332825387,-0.9405591808558281,1.7907343629296122,1.2607665180896697,0.6288298929736424,4.906890595608519,4.851335040052963,-0.025008007543580735,6.627111230034092,2.1821894500216286,0.842171180906939,0.4392990839512861,2.437175415345881,0.5240249108113689,4.873557262275185,4.754058512251147
-0.2770741569406461,1.1537096463242922,0.8534119976070863,-0.2941552293522656,0.12652101258818593,0.4459512798442448,0.2938282535620888,4.840223928941851,4.683198026128016,-0.20704958709223606,3.6949056165895158,1.1266535582444428,-0.28913222309199943,0.11378570374841318,0.2834754448389105,0.6643887262072709,4.806890595608518,4.702696776152054
-0.24020337303780925,1.107187693506655,0.651288103436987,-0.0185386241666102,0.14503105591134435,0.2233068362081513,0.24704031509678814,4.7276424705724605,4.619254831659533,-0.16263868156056616,3.4027123023848436,0.898328418533775,-0.3998170571286816,0.11266677129027641,0.2284485644775811,0.31254342894820925,4.817266533090489,4.558950648480237
-0.43691733181626713,1.6759909164321243,0.35933136741351,-0.47902119200999643,0.46862981577850826,0.37382423853236263,0.6774893489775553,4.806890595608518,4.702696776152055,-0.4831695923610623,4.654458248364003,1.7292822056775168,0.05711946948913411,0.2824260635906763,1.1145610314407628,0.6194723052805824,4.840223928941851,4.762446151164074
0.17592527038872063,2.0416309208377106,-0.19089478893842715,0.7889749755421093,1.2422075627978608,0.2642207400494663,0.9451163569990758,4.760975803905794,4.690115317782663,-0.5399957166013133,5.563097907419591,2.5976663435934997,0.21627478347082454,0.12480252214452986,0.8891996373914268,0.32751556925710545,4.794309137239127,4.705420248350238
1.055749826040634,3.2746547319113937,-0.4005047532629747,0.1054059136727217,0.8338201298559602,0.4438364067270002,0.5071812529638605,4.856890595608518,4.824918998374276,-0.09702620690965369,6.4264211825594675,2.4329728001956408,0.7925944220362124,0.1244866218103966,0.42066440421994367,0.4005047532629744,4.856890595608518,4.795779484497407
0.7095760807132843,3.8989844666681943,0.18340871878397907,-0.18001707433504555,0.668495768044179,0.2717778720516273,1.195899707173088,4.906890595608519,4.8471412205965,-0.11486843620619863,6.059747169934132,3.0767748334781793,0.7529313728514849,0.12162524263050495,0.33833474362149163,0.2264536221720559,4.890223928941852,4.7276424705724605
0.0615091300438253,3.6875108280404567,-0.11603408739394594,0.05990709120902731,0.36845480175586953,0.16593029524481429,0.8010095065259495,4.756890595608518,4.729112817830741,0.016169030537205087,5.97555819626969,3.050573587937611,-0.6994406269566111,0.2318117962467129,0.8019392384097399,1.2483021982542248,4.806890595608518,4.751335040052963
0.4161032482150593,2.87996341573332,0.08608980677615344,-0.9500379441892102,1.8997374849114108,1.4237038596783809,0.40799082341742277,4.873557262275185,4.795779484497407,0.06351452099498606,6.429519181200293,2.9719698513159054,-0.8377663128055471,0.43892835414387443,0.9592112496249907,1.7143100653686207,4.906890595608519,4.840223928941852
0.2221330820905929,3.000278940792291,1.448554574885712,-0.8520224493491682,1.934256654859843,1.044927074049625,3.625129472291504,4.906890595608519,4.895779484497408,-0.8410733247289626,5.332251549686977,0.7298918400586921,-0.1546214751486001,1.2094235143569612,1.0354304693140879,1.3531071804164987,4.873557262275185,4.8624461511640735
0.2985456678616654,-0.44757462516889723,0.9900327779257645,-0.6345225580971227,1.0306090139045014,2.149630304194185,1.4236010077042183,3.63843233544151,3.6273212243303985,0.15893502789443759,-0.15400650688569562,-0.179665683706755,0.12817416245540397,0.2739869655912944,5.315418262004335,1.3072550007205037,3.127603915771228,3.0690163151125107
,,,,,,,0.0,0.0,,,,,,,,0.0,0.0
,,,,,,,0.0,0.0,,,,,,,,0.0,0.0
